"fixed.acidity";"volatile.acidity";"citric.acid";"residual.sugar";"chlorides";"free.sulfur.dioxide";"total.sulfur.dioxide";"density";"pH";"sulphates";"alcohol";"quality"
7.2;0.19;0.31;1.6;0.062;31;173;0.9917;3.35;0.44;11.7;"low"
7.4;0.29;0.5;1.8;0.042;35;127;0.9937;3.45;0.5;10.2;"high"
6;0.33;0.27;0.8;0.185;12;188;0.9924;3.12;0.62;9.4;"low"
5.6;0.2;0.22;1.3;0.049;25;155;0.99296;3.74;0.43;10;"low"
6.3;0.26;0.49;1.5;0.052;34;134;0.9924;2.99;0.61;9.8;"low"
6.9;0.3;0.21;15.7;0.056;49;159;0.99827;3.11;0.48;9;"low"
7.4;0.35;0.31;17.95;0.062;42;187;1.0002;3.27;0.64;9.1;"low"
6.7;0.23;0.31;2.1;0.046;30;96;0.9926;3.33;0.64;10.7;"high"
7;0.21;0.28;7.5;0.07;45;185;0.9966;3.34;0.55;9.4;"low"
7.3;0.25;0.42;14.2;0.041;57;182;0.9996;3.29;0.75;9.1;"high"
9.4;0.16;0.23;1.6;0.042;14;67;0.9942;3.07;0.32;9.5;"low"
7.2;0.24;0.28;1.9;0.032;30;92;0.9914;3.1;0.39;10.9;"low"
7.8;0.16;0.41;1.7;0.026;29;140;0.991;3.02;0.78;12.5;"low"
6;0.27;0.19;1.7;0.02;24;110;0.9898;3.32;0.47;12.6;"high"
5.7;0.4;0.35;5.1;0.026;17;113;0.99052;3.18;0.67;12.4;"low"
6.4;0.2;0.28;2.5;0.032;24;84;0.99168;3.31;0.55;11.5;"low"
6;0.11;0.47;10.6;0.052;69;148;0.9958;2.91;0.34;9.3;"low"
6.1;0.55;0.15;9.8;0.031;19;125;0.9957;3.36;0.47;10.2;"low"
5;0.255;0.22;2.7;0.043;46;153;0.99238;3.75;0.76;11.3;"low"
5.4;0.255;0.33;1.2;0.051;29;122;0.99048;3.37;0.66;11.3;"low"
6.6;0.25;0.36;8.1;0.045;54;180;0.9958;3.08;0.42;9.2;"low"
7.3;0.2;0.37;1.2;0.037;48;119;0.992;3.32;0.49;10.9;"low"
7.7;0.23;0.31;10.7;0.038;59;186;0.9969;3.12;0.55;9.5;"low"
5.7;0.22;0.22;16.65;0.044;39;110;0.99855;3.24;0.48;9;"low"
7.1;0.17;0.4;14.55;0.047;47;156;0.99945;3.34;0.78;9.1;"low"
8;0.25;0.49;9;0.044;31;185;0.998;3.34;0.49;10;"low"
6.1;0.17;0.28;4.5;0.033;46;150;0.9933;3.43;0.49;10.9;"low"
6.1;0.16;0.34;6.1;0.034;31;114;0.99365;3.32;0.58;10.15;"high"
6.1;0.27;0.32;6.2;0.048;47;161;0.99281;3.22;0.6;11;"low"
5.8;0.2;0.34;1;0.035;40;86;0.98993;3.5;0.42;11.7;"low"
7;0.16;0.25;14.3;0.044;27;149;0.998;2.91;0.46;9.2;"low"
7.3;0.28;0.43;1.7;0.08;21;123;0.9905;3.19;0.42;12.8;"low"
6;0.31;0.27;2.3;0.042;19;120;0.98952;3.32;0.41;12.7;"high"
5.4;0.185;0.19;7.1;0.048;36;110;0.99438;3.26;0.41;9.5;"low"
7.5;0.18;0.31;6.5;0.029;53;160;0.99276;3.03;0.38;10.9;"low"
6.5;0.28;0.27;5.2;0.04;44;179;0.9948;3.19;0.69;9.4;"low"
7.2;0.6;0.2;9.9;0.07;21;174;0.9971;3.03;0.54;9.1;"low"
5.8;0.29;0.27;1.6;0.062;17;140;0.99138;3.23;0.35;11.1;"low"
5.6;0.39;0.24;4.7;0.034;27;77;0.9906;3.28;0.36;12.7;"low"
5.6;0.27;0.37;0.9;0.025;11;49;0.98845;3.29;0.33;13.1;"low"
7.4;0.26;0.32;3.7;0.032;29;193;0.99134;3.1;0.67;12.5;"low"
6.8;0.15;0.3;5.3;0.05;40;127;0.9942;3.4;0.39;9.7;"low"
6.8;0.39;0.34;7.4;0.02;38;133;0.99212;3.18;0.44;12;"high"
7.4;0.32;0.55;16.6;0.056;53;238;1.0017;2.96;0.58;8.7;"low"
6.4;0.32;0.5;10.7;0.047;57;206;0.9968;3.08;0.6;9.4;"low"
7.3;0.19;0.49;15.55;0.058;50;134;0.9998;3.42;0.36;9.1;"high"
8.2;0.345;1;18.2;0.047;55;205;0.99965;2.96;0.43;9.6;"low"
7.2;0.35;0.34;12.4;0.051;6;37;0.9944;3.13;0.39;11.5;"low"
6.4;0.17;0.27;6.7;0.036;88;223;0.9948;3.28;0.35;10.2;"low"
7;0.24;0.36;4.9;0.083;10;133;0.9942;3.33;0.37;10.8;"low"
6.4;0.38;0.24;7.2;0.047;41;151;0.99604;3.11;0.6;9.2;"low"
7.2;0.18;0.41;1.2;0.048;41;97;0.9919;3.14;0.45;10.4;"low"
7;0.22;0.24;11;0.041;75;167;0.99508;2.98;0.56;10.5;"low"
6.5;0.29;0.52;7.9;0.049;35;192;0.99551;3.16;0.51;9.5;"low"
6.7;0.24;0.3;3.85;0.042;105;179;0.99189;3.04;0.59;11.3;"high"
7.9;0.21;0.39;2;0.057;21;138;0.99176;3.05;0.52;10.9;"low"
7.1;0.25;0.39;2.1;0.036;30;124;0.9908;3.28;0.43;12.2;"high"
7.6;0.29;0.49;9.6;0.03;45;197;0.9938;3.13;0.38;12.3;"high"
6.9;0.14;0.38;1;0.041;22;81;0.99043;3.03;0.54;11.4;"low"
7.3;0.25;0.36;13.1;0.05;35;200;0.9986;3.04;0.46;8.9;"high"
6.8;0.23;0.29;15.4;0.073;56;173;0.9984;3.06;0.41;8.7;"low"
8.4;0.18;0.42;5.1;0.036;7;77;0.9939;3.16;0.52;11.7;"low"
8.6;0.23;0.46;1;0.054;9;72;0.9941;2.95;0.49;9.1;"low"
7;0.3;0.51;13.6;0.05;40;168;0.9976;3.07;0.52;9.6;"high"
7.1;0.145;0.33;4.6;0.05;33;131;0.9942;3.28;0.4;9.6;"low"
6.1;0.36;0.27;2.1;0.035;16;100;0.9917;3.4;0.71;11.5;"high"
5.1;0.29;0.28;8.3;0.026;27;107;0.99308;3.36;0.37;11;"low"
7.2;0.15;0.39;1.8;0.043;21;159;0.9948;3.52;0.47;10;"low"
6.5;0.46;0.41;16.8;0.084;59;222;0.9993;3.18;0.58;9;"low"
6.9;0.54;0.26;12.7;0.049;59;195;0.99596;3.26;0.54;10.5;"low"
6.7;0.26;0.29;7.7;0.038;40;179;0.99479;3.23;0.56;10.4;"low"
6.5;0.14;0.33;7.6;0.05;53;189;0.9966;3.25;0.49;8.6;"low"
6.3;0.4;0.24;5.1;0.036;43;131;0.99186;3.24;0.44;11.3;"low"
5.6;0.12;0.33;2.9;0.044;21;73;0.98896;3.17;0.32;12.9;"high"
6.8;0.17;0.17;5.1;0.049;26;82;0.993;3;0.38;9.8;"low"
6.3;0.24;0.29;1.6;0.052;48;185;0.9934;3.21;0.5;9.4;"low"
8;0.2;0.36;1.2;0.032;21;78;0.9921;3.08;0.37;10.4;"low"
7.9;0.14;0.74;1.2;0.028;30;165;0.991;3.08;0.82;12.3;"low"
7.9;0.28;0.41;4.9;0.058;31;153;0.9966;3.27;0.51;9.7;"low"
6.6;0.25;0.33;8.5;0.042;29;141;0.99546;3.28;0.6;10.4;"low"
6.1;0.17;0.29;1.1;0.041;32;92;0.99036;3.26;0.57;11.2;"low"
6.8;0.21;0.36;18.1;0.046;32;133;1;3.27;0.48;8.8;"low"
5.7;0.28;0.3;3.9;0.026;36;105;0.98963;3.26;0.58;12.75;"low"
6;0.27;0.32;3.6;0.035;36;133;0.99215;3.23;0.46;10.8;"low"
7.3;0.27;0.3;1.3;0.04;26;84;0.99222;3.28;0.53;10.7;"low"
5.6;0.19;0.31;2.7;0.027;11;100;0.98964;3.46;0.4;13.2;"high"
7.4;0.25;0.49;1.1;0.042;35;156;0.9917;3.13;0.55;11.3;"low"
6.1;0.28;0.23;4.2;0.038;13;95;0.98898;2.97;0.7;13.1;"low"
6.8;0.28;0.44;9.3;0.031;35;137;0.9946;3.16;0.36;10.4;"low"
8;0.25;0.49;1.2;0.061;27;117;0.9938;3.08;0.34;9.4;"low"
5.2;0.155;0.33;1.6;0.028;13;59;0.98975;3.3;0.84;11.9;"high"
6.2;0.22;0.3;12.4;0.054;108;152;0.99728;3.1;0.47;9.5;"low"
6.8;0.18;0.28;9.8;0.039;29;113;0.99406;3.11;0.45;10.9;"high"
7.1;0.4;0.52;1.3;0.148;45;149;0.99468;3.08;0.56;8.7;"low"
8.1;0.2;0.3;1.3;0.036;7;49;0.99242;2.99;0.73;10.3;"low"
6.5;0.32;0.48;8;0.026;18;88;0.99144;3.22;0.79;12.7;"low"
5.9;0.24;0.34;2;0.037;40;108;0.98948;3.19;0.5;12.3;"low"
7.3;0.22;0.37;14.3;0.063;48;191;0.9978;2.89;0.38;9;"low"
5.8;0.33;0.23;5;0.053;29;106;0.99458;3.13;0.52;9;"low"
7.6;0.19;0.41;1.1;0.04;38;143;0.9907;2.92;0.42;11.4;"low"
5.9;0.27;0.27;9;0.051;43;136;0.9941;3.25;0.53;10.7;"low"
6.8;0.31;0.19;3.5;0.086;30;130;0.993;2.83;0.44;9.6;"low"
6.9;0.32;0.26;8.3;0.053;32;180;0.9965;3.25;0.51;9.2;"low"
6;0.21;0.38;0.8;0.02;22;98;0.98941;3.26;0.32;11.8;"low"
6.8;0.18;0.28;9.8;0.039;29;113;0.99406;3.11;0.45;10.9;"high"
6.6;0.23;0.3;14.9;0.051;33;118;0.99835;3.04;0.54;9;"low"
6.9;0.4;0.42;6.2;0.066;41;176;0.99552;3.12;0.54;9.4;"low"
8.6;0.17;0.28;2.7;0.047;38;150;0.99365;3.1;0.56;10.8;"low"
5.9;0.44;0.33;1.2;0.049;12;117;0.99134;3.46;0.44;11.5;"low"
7.8;0.32;0.33;2.4;0.037;18;101;0.9912;3.21;0.65;11.7;"high"
6.1;1.1;0.16;4.4;0.033;8;109;0.99058;3.35;0.47;12.4;"low"
7.5;0.38;0.33;9.2;0.043;19;116;0.99444;3.08;0.42;11.4;"low"
7.1;0.12;0.3;3.1;0.018;15;37;0.99004;3.02;0.52;11.9;"high"
7.9;0.17;0.32;1.6;0.053;47;150;0.9948;3.29;0.76;9.6;"low"
6.4;0.105;0.29;1.1;0.035;44;140;0.99142;3.17;0.55;10.7;"high"
7.8;0.3;0.4;1.8;0.028;23;122;0.9914;3.14;0.39;10.9;"high"
6.3;0.34;0.27;2.5;0.024;40;152;0.99095;3.35;0.6;11.9;"high"
6.8;0.14;0.35;1.5;0.047;40;117;0.99111;3.07;0.72;11.1;"low"
6.4;0.28;0.29;1.6;0.052;34;127;0.9929;3.48;0.56;10.5;"high"
8.6;0.16;0.49;7.3;0.043;9;63;0.9953;3.13;0.59;10.5;"low"
6.2;0.23;0.36;17.2;0.039;37;130;0.99946;3.23;0.43;8.8;"low"
6.1;0.6;0;1.3;0.042;24;79;0.9937;3.31;0.38;9.4;"low"
6.3;0.26;0.21;4;0.03;24;125;0.9915;3.06;0.34;10.7;"low"
6.7;0.54;0.27;7.1;0.049;8;178;0.99502;3.16;0.38;9.4;"low"
7.1;0.18;0.42;1.4;0.045;47;157;0.9916;2.95;0.31;10.5;"low"
6.9;0.56;0.26;10.9;0.06;55;193;0.9969;3.21;0.44;9.4;"low"
5.3;0.3;0.3;1.2;0.029;25;93;0.98742;3.31;0.4;13.6;"high"
7;0.13;0.3;5;0.056;31;122;0.9945;3.47;0.42;10.5;"low"
6.8;0.25;0.37;3.1;0.026;29;93;0.99035;3.14;0.45;12.2;"low"
6.4;0.38;0.19;4.5;0.038;36;119;0.99151;3.07;0.42;11.2;"low"
7.5;0.27;0.31;17.7;0.051;33;173;0.999;3.09;0.64;10.2;"low"
6.2;0.21;0.27;1.7;0.038;41;150;0.9933;3.49;0.71;10.5;"high"
6.6;0.21;0.3;9.9;0.041;64;174;0.995;3.07;0.5;10.1;"low"
6.1;0.6;0.12;1.8;0.05;11;76;0.99268;3.42;0.48;10.4;"low"
6.7;0.43;0.23;5;0.157;49;145;0.99471;3.17;0.49;9.4;"low"
6;0.19;0.26;12.4;0.048;50;147;0.9972;3.3;0.36;8.9;"low"
6.8;0.32;0.39;9.6;0.026;34;124;0.99286;3.18;0.35;12.1;"low"
6.9;0.3;0.21;15.7;0.056;49;159;0.99827;3.11;0.48;9;"low"
6.3;0.67;0.48;12.6;0.052;57;222;0.9979;3.17;0.52;9.3;"low"
6.7;0.23;0.33;1.8;0.036;23;96;0.9925;3.32;0.4;10.8;"low"
7.4;0.16;0.27;15.5;0.05;25;135;0.9984;2.9;0.43;8.7;"high"
6.6;0.3;0.45;8;0.038;54;200;0.9956;3.18;0.48;9.5;"low"
5.2;0.24;0.15;7.1;0.043;32;134;0.99378;3.24;0.48;9.9;"low"
6.7;0.16;0.32;12.5;0.035;18;156;0.99666;2.88;0.36;9;"low"
7.3;0.31;0.69;10.2;0.041;58;160;0.9977;3.06;0.45;8.6;"low"
7.2;0.17;0.41;1.6;0.052;24;126;0.99228;3.19;0.49;10.8;"low"
7.7;0.29;0.48;2.3;0.049;36;178;0.9931;3.17;0.64;10.6;"low"
6.6;0.25;0.32;5.6;0.039;15;68;0.99163;2.96;0.52;11.1;"low"
6.2;0.76;0.01;3.2;0.041;18;120;0.99026;3.2;0.94;13.7;"high"
7.9;0.17;0.32;1.6;0.053;47;150;0.9948;3.29;0.76;9.6;"low"
7.2;0.29;0.2;7.7;0.046;51;174;0.99582;3.16;0.52;9.5;"low"
6.8;0.25;0.31;13.3;0.05;69;202;0.9972;3.22;0.48;9.7;"low"
6.6;0.16;0.35;1.8;0.042;26;105;0.98962;3.19;0.75;12.4;"high"
6.1;0.28;0.27;8;0.048;41;162;0.99498;3.21;0.51;9.9;"low"
8.5;0.25;0.31;2.8;0.032;11;61;0.99189;3.06;0.44;11.5;"low"
8.3;0.4;0.41;8.2;0.05;15;122;0.9979;3.39;0.49;9.3;"low"
6.8;0.28;0.39;1.4;0.036;15;115;0.9918;3.27;0.72;11.7;"low"
5;0.2;0.4;1.9;0.015;20;98;0.9897;3.37;0.55;12.05;"low"
6.9;0.21;0.33;1.8;0.034;48;136;0.9899;3.25;0.41;12.6;"high"
7.3;0.31;0.69;10.2;0.041;58;160;0.9977;3.06;0.45;8.6;"low"
7.5;0.34;0.28;4;0.028;46;100;0.98958;3.2;0.5;13.2;"high"
6.8;0.27;0.22;17.8;0.034;16;116;0.9989;3.07;0.53;9.2;"low"
6.8;0.26;0.4;7.5;0.046;45;179;0.99583;3.2;0.49;9.3;"low"
7.3;0.21;0.33;1;0.037;66;144;0.9923;3.11;0.52;10.2;"low"
6.4;0.24;0.26;8.2;0.054;47;182;0.99538;3.12;0.5;9.5;"low"
8;0.44;0.49;9.1;0.031;46;151;0.9926;3.16;0.27;12.7;"high"
4.4;0.46;0.1;2.8;0.024;31;111;0.98816;3.48;0.34;13.1;"low"
9.5;0.42;0.41;2.3;0.034;22;145;0.9951;3.06;0.52;11;"low"
7.4;0.22;0.33;2;0.045;31;101;0.9931;3.42;0.55;11.4;"low"
6;0.29;0.25;1.4;0.033;30;114;0.98794;3.08;0.43;13.2;"low"
7.1;0.25;0.28;1.6;0.052;46;169;0.9926;3.05;0.41;10.5;"low"
8.2;0.23;0.4;1.2;0.027;36;121;0.992;3.12;0.38;10.7;"low"
7.5;0.18;0.31;6.5;0.029;53;160;0.99276;3.03;0.38;10.9;"low"
6.4;0.22;0.34;1.8;0.057;29;104;0.9959;3.81;0.57;10.3;"low"
6.6;0.25;0.31;1.5;0.035;32;127;0.9921;3.41;0.47;11.3;"low"
6.1;0.16;0.29;6;0.03;29;144;0.99474;3.68;0.46;10.7;"low"
7;0.23;0.28;2.7;0.053;16;92;0.99372;3.18;0.56;9.3;"low"
7.5;0.33;0.38;8.7;0.126;49;199;0.99711;2.98;0.57;9.4;"low"
7.2;0.25;0.39;18.95;0.038;42;155;0.9999;2.97;0.47;9;"low"
6.4;0.23;0.33;1.15;0.044;15.5;217.5;0.992;3.33;0.44;11;"low"
7.3;0.23;0.41;14.6;0.048;73;223;0.99863;3.16;0.71;9.4;"low"
7.1;0.18;0.39;14.5;0.051;48;156;0.99947;3.35;0.78;9.1;"low"
6.8;0.25;0.18;1.4;0.056;13;137;0.9935;3.11;0.42;9.5;"low"
7;0.24;0.24;1.8;0.047;29;91;0.99251;3.3;0.43;9.9;"low"
6.4;0.38;0.24;7.2;0.047;41;151;0.99604;3.11;0.6;9.2;"low"
7.6;0.16;0.44;1.4;0.043;25;109;0.9932;3.11;0.75;10.3;"low"
8;0.24;0.48;6.8;0.047;13;134;0.99616;3.23;0.7;10;"low"
6.6;0.28;0.3;7.8;0.049;57;202;0.9958;3.24;0.39;9.5;"low"
6;0.28;0.27;15.5;0.036;31;134;0.99408;3.19;0.44;13;"high"
6.3;0.26;0.29;2.2;0.043;35;175;0.9918;3.38;0.43;11.6;"low"
6.5;0.35;0.38;7.4;0.036;20;196;0.99712;3.47;0.48;9.1;"low"
7.4;0.26;0.31;7.6;0.047;52;177;0.9962;3.13;0.45;8.9;"low"
7.8;0.39;0.26;9.9;0.059;33;181;0.9955;3.04;0.42;10.9;"low"
6.4;0.3;0.3;2.25;0.038;8;210;0.9937;3.2;0.62;9.9;"low"
6.2;0.34;0.25;12.1;0.059;33;171;0.99769;3.14;0.56;8.7;"low"
5.6;0.19;0.27;0.9;0.04;52;103;0.99026;3.5;0.39;11.2;"low"
8.2;0.18;0.28;8.5;0.035;41;140;0.9952;3.04;0.37;10.1;"high"
6.3;0.22;0.57;1.4;0.208;14;96;0.9932;3.16;0.43;10;"low"
3.8;0.31;0.02;11.1;0.036;20;114;0.99248;3.75;0.44;12.4;"low"
8.2;0.68;0.3;2.1;0.047;17;138;0.995;3.22;0.71;10.8;"low"
6.8;0.26;0.22;4.8;0.041;110;198;0.99437;3.29;0.67;10.6;"low"
7.3;0.25;0.39;6.4;0.034;8;84;0.9942;3.18;0.46;11.5;"low"
8.1;0.24;0.32;10.5;0.03;34;105;0.99407;3.11;0.42;11.8;"low"
7;0.34;0.1;3.5;0.044;17;63;0.9937;3.01;0.39;9.2;"low"
7;0.3;0.38;14.9;0.032;60;181;0.9983;3.18;0.61;9.3;"high"
5.8;0.28;0.3;3.9;0.026;36;105;0.98963;3.26;0.58;12.75;"low"
8.2;0.25;0.46;3.75;0.05;14;102;0.99524;3.28;0.58;9.7;"low"
5.4;0.415;0.19;1.6;0.039;27;88;0.99265;3.54;0.41;10;"high"
7.5;0.305;0.4;18.9;0.059;44;170;1;2.99;0.46;9;"low"
6.9;0.23;0.41;8;0.03;30;114;0.99368;3.22;0.54;11;"low"
6.7;0.23;0.17;1.3;0.061;14;100;0.9925;3.07;0.55;9.5;"low"
6.4;0.25;0.32;0.9;0.034;40;114;0.99114;3.31;0.58;10.8;"high"
6.4;0.17;0.32;2.4;0.048;41;200;0.9938;3.5;0.5;9.7;"low"
6.2;0.39;0.24;4.8;0.037;45;138;0.99174;3.23;0.43;11.2;"high"
7.5;0.31;0.51;14.8;0.039;62;204;0.9982;3.06;0.6;9.5;"low"
6.4;0.26;0.4;1.7;0.179;5;60;0.9925;3.09;0.54;10.1;"low"
7.3;0.19;0.25;1.4;0.051;41;107;0.99382;3.53;0.66;10.5;"high"
7.3;0.22;0.26;1.5;0.04;32;172;0.99194;3.27;0.48;11.2;"low"
6.8;0.21;0.26;11.7;0.038;61;152;0.99523;3.02;0.56;10.5;"high"
5.8;0.22;0.29;0.9;0.034;34;89;0.98936;3.14;0.36;11.1;"high"
6.9;0.28;0.4;8.2;0.036;15;95;0.9944;3.17;0.33;10.2;"low"
6.6;0.25;0.51;8;0.047;61;189;0.99604;3.22;0.49;9.2;"low"
8.4;0.2;0.38;11.8;0.055;51;170;1.0004;3.34;0.82;8.9;"low"
6.6;0.19;0.43;10.9;0.045;53;154;0.99752;3.52;0.77;10.4;"low"
6.1;0.33;0.32;7.8;0.052;52;183;0.99657;3.39;0.65;9.5;"low"
6.7;0.13;0.28;1.2;0.046;35;140;0.9927;3.33;0.33;10.1;"high"
6;0.21;0.3;8.7;0.036;47;127;0.99368;3.18;0.39;10.6;"low"
7;0.15;0.28;14.7;0.051;29;149;0.99792;2.96;0.39;9;"high"
5.1;0.26;0.33;1.1;0.027;46;113;0.98946;3.35;0.43;11.4;"high"
6.4;0.24;0.49;5.8;0.053;25;120;0.9942;3.01;0.98;10.5;"low"
6.8;0.22;0.26;1.2;0.041;29;182;0.99104;3.04;0.35;11.2;"low"
7.6;0.31;0.24;1.8;0.037;39;150;0.9913;3.05;0.44;11.8;"high"
6.1;0.15;0.29;6.2;0.046;39;151;0.99471;3.6;0.44;10.6;"low"
7.2;0.26;0.38;1.5;0.061;12;120;0.99192;3.18;0.46;10.4;"low"
8.2;0.21;0.48;1.4;0.041;11;99;0.9958;3.17;0.57;9.9;"low"
6;0.27;0.15;1.5;0.056;35;128;0.9936;3.12;0.45;8.8;"low"
7.6;0.25;0.34;1.3;0.056;34;176;0.99434;3.1;0.51;9.5;"low"
6.6;0.15;0.32;6;0.033;59;128;0.99192;3.19;0.71;12.1;"high"
6.7;0.19;0.39;1;0.032;14;71;0.98912;3.31;0.38;13;"high"
6.9;0.33;0.21;1;0.053;39;148;0.9927;3.12;0.45;9.4;"low"
6.7;0.19;0.41;15.6;0.056;75;155;0.9995;3.2;0.44;8.8;"low"
6.2;0.35;0.03;1.2;0.064;29;120;0.9934;3.22;0.54;9.1;"low"
7.5;0.32;0.26;1.8;0.042;13;133;0.9938;3.07;0.38;9.5;"low"
6.9;0.23;0.33;12.8;0.056;44;169;0.998;3.42;0.42;9.8;"low"
6.1;0.2;0.34;9.5;0.041;38;201;0.995;3.14;0.44;10.1;"low"
6.7;0.44;0.22;4.3;0.032;19;99;0.99015;3.26;0.53;12.8;"high"
7;0.15;0.3;13.3;0.049;46;120;0.99704;3.2;0.36;9.5;"high"
7.3;0.23;0.37;1.8;0.032;60;156;0.992;3.11;0.35;11.1;"low"
7.6;0.19;0.42;1.5;0.044;6;114;0.9914;3.04;0.74;12.8;"low"
6.8;0.23;0.3;1.7;0.043;19;95;0.99207;3.17;0.46;10.7;"high"
8.1;0.27;0.35;1.7;0.03;38;103;0.99255;3.22;0.63;10.4;"high"
9.2;0.28;0.46;3.2;0.058;39;133;0.996;3.14;0.58;9.5;"low"
5.8;0.42;0.3;2.2;0.035;26;129;0.989;3.32;0.47;12.9;"low"
7.1;0.44;0.62;11.8;0.044;52;152;0.9975;3.12;0.46;8.7;"low"
5.4;0.595;0.1;2.8;0.042;26;80;0.9932;3.36;0.38;9.3;"low"
5.6;0.21;0.24;4.4;0.027;37;150;0.991;3.3;0.31;11.5;"high"
6.7;0.18;0.3;6.4;0.048;40;251;0.9956;3.29;0.52;10;"low"
7.1;0.28;0.28;8.5;0.03;25;191;0.99338;3.16;0.46;12.2;"high"
7.3;0.23;0.41;14.6;0.048;73;223;0.99863;3.16;0.71;9.4;"low"
8;0.3;0.36;11;0.034;8;70;0.99354;3.05;0.41;12.2;"low"
5.7;0.24;0.47;6.3;0.069;35;182;0.99391;3.11;0.46;9.73333333333333;"low"
6.2;0.55;0.45;12;0.049;27;186;0.9974;3.17;0.5;9.3;"low"
7.2;0.21;0.34;11.9;0.043;37;213;0.9962;3.09;0.5;9.6;"low"
6.2;0.41;0.22;1.9;0.023;5;56;0.98928;3.04;0.79;13;"high"
6.5;0.26;0.34;1.4;0.04;25;184;0.99216;3.29;0.46;10.7;"low"
6.5;0.27;0.19;6.6;0.045;98;175;0.99364;3.16;0.34;10.1;"low"
6;0.3;0.44;1.5;0.046;15;182;0.99455;3.5;0.52;10.4;"low"
5.1;0.23;0.18;1;0.053;13;99;0.98956;3.22;0.39;11.5;"low"
6.2;0.24;0.27;16.8;0.04;48;129;0.99691;3.23;0.38;10.5;"low"
6.9;0.18;0.33;1;0.054;24;164;0.9926;3.42;0.51;10.5;"low"
7.2;0.18;0.31;1.1;0.045;20;73;0.9925;3.32;0.4;10.8;"high"
6.8;0.32;0.34;1.2;0.044;14;67;0.9919;3.05;0.47;10.6;"low"
6.4;0.22;0.49;7.5;0.054;42;151;0.9948;3.27;0.52;10.1;"low"
7.7;0.18;0.35;5.8;0.055;25;144;0.99576;3.24;0.54;10.2;"low"
5.9;0.3;0.47;7.85;0.03;19;133;0.9933;3.52;0.43;11.5;"high"
6.6;0.41;0.27;10.7;0.11;20;103;0.99672;3.08;0.41;9;"low"
6.5;0.36;0.32;1.1;0.031;13;66;0.9916;3.1;0.46;10.6;"low"
7;0.2;0.34;2.1;0.049;12;136;0.9922;3.25;0.46;11.6;"high"
6.8;0.33;0.44;7;0.05;29;155;0.9955;3.14;0.42;9.5;"low"
7.6;0.27;0.29;2.5;0.059;37;115;0.99328;3.09;0.37;9.8;"low"
7.3;0.19;0.27;13.9;0.057;45;155;0.99807;2.94;0.41;8.8;"high"
7;0.2;0.49;5.9;0.038;39;128;0.9938;3.21;0.48;10.8;"low"
7.2;0.39;0.63;11;0.044;55;156;0.9974;3.09;0.44;8.7;"low"
7.4;0.16;0.3;13.7;0.056;33;168;0.99825;2.9;0.44;8.7;"high"
6.3;0.2;0.24;1.7;0.052;36;135;0.99374;3.8;0.66;10.8;"low"
6.4;0.23;0.37;7.9;0.05;60;150;0.99488;2.86;0.49;9.3;"low"
7.1;0.43;0.3;6.6;0.025;15;138;0.99126;3.18;0.46;12.6;"low"
8.5;0.32;0.36;14.9;0.041;47;190;0.9982;3.08;0.31;10;"low"
6.8;0.37;0.47;11.2;0.071;44;136;0.9968;2.98;0.88;9.2;"low"
6.7;0.17;0.37;2;0.039;34;125;0.9922;3.26;0.6;10.8;"high"
6.8;0.3;0.26;20.3;0.037;45;150;0.99727;3.04;0.38;12.3;"low"
6.3;0.31;0.3;10;0.046;49;212;0.9962;3.74;0.55;11.9;"low"
6.2;0.34;0.28;7.5;0.034;40;197;0.99485;3.14;0.6;9.7;"low"
9.4;0.28;0.3;1.6;0.045;36;139;0.99534;3.11;0.49;9.3;"low"
7.8;0.3;0.37;1.3;0.051;16;96;0.9941;3.32;0.62;10;"low"
7.4;0.25;0.49;1.1;0.042;35;156;0.9917;3.13;0.55;11.3;"low"
7;0.16;0.73;1;0.138;58;150;0.9936;3.08;0.3;9.2;"low"
7.2;0.23;0.39;2.3;0.033;29;102;0.9908;3.26;0.54;12.3;"high"
5.8;0.19;0.49;4.9;0.04;44;118;0.9935;3.34;0.38;9.5;"high"
6;0.45;0.42;1.1;0.051;61;197;0.9932;3.02;0.4;9;"low"
7.2;0.21;0.36;15.7;0.045;68;183;0.99922;3.25;0.76;9.4;"low"
6.7;0.47;0.34;8.9;0.043;31;172;0.9964;3.22;0.6;9.2;"low"
7.3;0.3;0.74;13.5;0.039;46;165;0.9982;3.02;0.4;8.7;"low"
8.1;0.26;0.37;1.9;0.072;48;159;0.9949;3.37;0.7;10.9;"low"
6.7;0.26;0.51;8;0.062;50;194;0.99545;3.13;0.5;9.6;"low"
6.7;0.23;0.33;8.1;0.048;45;176;0.99472;3.11;0.52;10.1;"low"
6.8;0.67;0.3;13;0.29;22;193;0.9984;3.08;0.67;9;"low"
7.8;0.29;0.36;7;0.042;38;161;0.9941;3.26;0.37;11.2;"high"
6.3;0.17;0.32;4.2;0.04;37;117;0.99182;3.24;0.43;11.3;"low"
7.6;0.37;0.51;11.7;0.094;58;181;0.99776;2.91;0.51;9;"low"
6.6;0.4;0.32;1.7;0.035;39;84;0.99096;3.59;0.48;12.7;"high"
6.9;0.18;0.38;8.1;0.049;44;176;0.9958;3.3;0.54;9.8;"low"
7.1;0.85;0.49;8.7;0.028;40;184;0.9962;3.22;0.36;10.7;"low"
7.1;0.42;0.2;2.8;0.038;28;109;0.98968;3.23;0.47;13.4;"low"
6.6;0.29;0.39;6.75;0.031;22;98;0.9913;3.15;0.8;12.9;"high"
7.6;0.31;0.24;1.8;0.037;39;150;0.9913;3.05;0.44;11.8;"high"
4.7;0.335;0.14;1.3;0.036;69;168;0.99212;3.47;0.46;10.5;"low"
6.1;0.22;0.38;2.8;0.144;12;65;0.9908;2.95;0.64;11.4;"low"
5.6;0.185;0.19;7.1;0.048;36;110;0.99438;3.26;0.41;9.5;"low"
8.3;0.21;0.58;17.1;0.049;62;213;1.0006;3.01;0.51;9.3;"low"
8.2;0.36;0.29;7.6;0.035;37;122;0.9939;3.16;0.34;12;"low"
7.2;0.58;0.27;5.8;0.032;40;118;0.99088;3.17;0.53;13;"high"
7.15;0.17;0.24;9.6;0.119;56;178;0.99578;3.15;0.44;10.2;"low"
7.2;0.26;0.32;10.4;0.062;23;114;0.9966;3.23;0.49;10.5;"low"
8.7;0.24;0.35;0.6;0.042;11;71;0.9926;3.08;0.38;10.6;"low"
7.6;0.33;0.35;6.3;0.036;12;126;0.9924;3.16;0.39;12;"high"
7.1;0.29;0.3;16;0.036;58;201;0.99954;3.3;0.67;9;"low"
6.3;0.27;0.37;7.9;0.047;58;215;0.99542;3.19;0.48;9.5;"low"
8.7;0.22;0.42;2.3;0.053;27;114;0.994;2.99;0.43;10;"low"
6.5;0.26;0.28;12.5;0.046;80;225;0.99685;3.18;0.41;10;"low"
6.4;0.15;0.25;7.8;0.05;13;68;0.99394;3.16;0.4;9.9;"low"
5;0.17;0.56;1.5;0.026;24;115;0.9906;3.48;0.39;10.8;"high"
7.1;0.15;0.34;5.3;0.034;33;104;0.9953;3.37;0.52;9.3;"high"
7.9;0.19;0.45;1.5;0.045;17;96;0.9917;3.13;0.39;11;"low"
7.8;0.34;0.35;1.8;0.042;8;167;0.9908;3.11;0.41;12.1;"low"
6.9;0.14;0.38;1;0.041;22;81;0.99043;3.03;0.54;11.4;"low"
5.6;0.26;0.18;1.4;0.034;18;135;0.99174;3.32;0.35;10.2;"low"
6.2;0.355;0.35;2;0.046;31;95;0.98822;3.06;0.46;13.6;"low"
6.4;0.28;0.22;12.8;0.039;51;150;0.99535;3.23;0.43;10.7;"low"
5.7;0.22;0.2;16;0.044;41;113;0.99862;3.22;0.46;8.9;"low"
7;0.15;0.28;14.7;0.051;29;149;0.99792;2.96;0.39;9;"high"
6.4;0.26;0.21;8.2;0.05;51;182;0.99542;3.23;0.48;9.5;"low"
6.8;0.34;0.74;2.8;0.088;23;185;0.9928;3.51;0.7;12;"low"
7;0.23;0.32;1.8;0.048;25;113;0.9915;3.11;0.47;11.1;"low"
6.6;0.16;0.29;1.8;0.05;40;147;0.9912;3.06;0.44;11.4;"high"
6;0.29;0.41;10.8;0.048;55;149;0.9937;3.09;0.59;10.9666666666667;"high"
6.8;0.29;0.22;3.4;0.035;40;122;0.99024;3.09;0.47;12.3;"low"
5.7;0.39;0.25;4.9;0.033;49;113;0.98966;3.26;0.58;13.1;"high"
7.8;0.21;0.49;1.2;0.036;20;99;0.99;3.05;0.28;12.1;"high"
6.6;0.23;0.26;1.3;0.045;16;128;0.9934;3.36;0.6;10;"low"
7.6;0.36;0.44;8.3;0.255;28;142;0.9958;3.12;0.43;10.2;"low"
6.7;0.21;0.36;8.55;0.02;20;86;0.99146;3.19;0.22;13.4;"high"
6.4;0.43;0.27;1.1;0.054;5;110;0.9939;3.24;0.52;9.1;"low"
6.9;0.32;0.26;2.3;0.03;11;103;0.99106;3.06;0.42;11.1;"low"
5.1;0.21;0.28;1.4;0.047;48;148;0.99168;3.5;0.49;10.4;"low"
7.1;0.3;0.36;6.8;0.055;44.5;234;0.9972;3.49;0.64;10.2;"low"
8.5;0.21;0.26;9.25;0.034;73;142;0.9945;3.05;0.37;11.4;"low"
7.2;0.21;0.35;14.5;0.048;35;178;0.9982;3.05;0.47;8.9;"low"
7.1;0.27;0.24;12.6;0.044;48;118;0.99726;3.04;0.56;10;"high"
5.3;0.36;0.27;6.3;0.028;40;132;0.99186;3.37;0.4;11.6;"low"
6.6;0.23;0.27;5.6;0.043;43;164;0.9953;3.27;0.76;9.5;"low"
5.9;0.25;0.25;11.3;0.052;30;165;0.997;3.24;0.44;9.5;"low"
6.3;0.35;0.3;5.7;0.035;8;97;0.9927;3.27;0.41;11;"high"
6.4;0.24;0.29;11.4;0.051;32;166;0.9968;3.31;0.45;9.5;"low"
8;0.24;0.3;17.45;0.056;43;184;0.9997;3.05;0.5;9.2;"low"
7.2;0.22;0.24;1.4;0.041;17;159;0.99196;3.25;0.53;11.2;"low"
6.6;0.25;0.3;1.6;0.046;32;134;0.993;3.42;0.51;10.1;"high"
7.6;0.56;0.12;10.4;0.096;22;177;0.9983;3.32;0.45;9.1;"low"
6.2;0.21;0.26;13.1;0.05;59;150;0.99772;3.31;0.46;9;"low"
5.7;0.22;0.22;16.65;0.044;39;110;0.99855;3.24;0.48;9;"low"
6.6;0.27;0.29;5.3;0.045;57;189;0.9953;3.31;0.79;9.8;"low"
7.4;0.23;0.38;8.6;0.052;41;150;0.99534;3.06;0.46;10.3;"low"
6;0.27;0.28;4.8;0.063;31;201;0.9964;3.69;0.71;10;"low"
8.4;0.31;0.31;0.95;0.021;52;148;0.99038;2.93;0.32;11.5;"low"
7.2;0.16;0.26;7.1;0.054;41;224;0.9966;3.38;0.55;10.1;"low"
7.2;0.34;0.2;5.8;0.062;52;203;0.99461;3.17;0.44;9.8;"low"
6.4;0.34;0.44;8.2;0.043;54;201;0.99551;3.18;0.48;9.5;"low"
8.2;0.22;0.49;9.6;0.037;53;154;0.9951;3.02;0.33;10.6;"low"
6.1;0.28;0.25;17.75;0.044;48;161;0.9993;3.34;0.48;9.5;"low"
6.3;0.28;0.22;11.5;0.036;27;150;0.99445;3;0.33;10.6;"low"
7.1;0.27;0.31;18.2;0.046;55;252;1;3.07;0.56;8.7;"low"
5;0.61;0.12;1.3;0.009;65;100;0.9874;3.26;0.37;13.5;"low"
6.5;0.18;0.33;8;0.051;16;131;0.9965;3.28;0.44;8.7;"high"
5.7;0.43;0.3;5.7;0.039;24;98;0.992;3.54;0.61;12.3;"high"
5.5;0.62;0.33;1.7;0.037;24;118;0.98758;3.15;0.39;13.55;"low"
9.6;0.21;0.28;1.2;0.038;12;53;0.9926;2.8;0.46;10.6;"low"
9.6;0.25;0.54;1.3;0.04;16;160;0.9938;2.94;0.43;10.5;"low"
6.5;0.33;0.38;2.5;0.047;30;148;0.98964;3.17;0.43;12.7;"low"
6.1;0.25;0.48;15.8;0.052;25;94;0.99782;3.07;0.45;9.2;"low"
5.8;0.25;0.28;11.1;0.056;45;175;0.99755;3.42;0.43;9.5;"low"
7;0.2;0.31;8;0.05;29;213;0.99596;3.28;0.57;10.4;"low"
7;0.16;0.25;14.3;0.044;27;149;0.998;2.91;0.46;9.2;"low"
6.7;0.28;0.14;1.4;0.043;64;159;0.992;3.17;0.39;10;"low"
6;0.16;0.3;6.7;0.043;43;153;0.9951;3.63;0.46;10.6;"low"
7.3;0.22;0.4;14.75;0.042;44.5;129.5;0.9998;3.36;0.41;9.1;"high"
8.2;0.29;0.49;1;0.044;29;118;0.9928;3.24;0.36;10.9;"low"
6.1;0.38;0.14;3.9;0.06;27;113;0.99344;3.07;0.34;9.2;"low"
6;0.19;0.29;1.2;0.046;29;92;0.99033;3.22;0.53;11.3;"low"
7.3;0.28;0.35;1.6;0.054;31;148;0.99178;3.18;0.47;10.7;"low"
6.7;0.3;0.44;18.75;0.057;65;224;0.99956;3.11;0.53;9.1;"low"
7.4;0.24;0.29;10.1;0.05;21;105;0.9962;3.13;0.35;9.5;"low"
6.6;0.58;0.3;5.1;0.057;30;123;0.9949;3.24;0.38;9;"low"
6.2;0.16;0.32;1.1;0.036;74;184;0.99096;3.22;0.41;11;"low"
7;0.32;0.24;6.2;0.048;31;228;0.9957;3.23;0.62;9.4;"low"
5.8;0.3;0.33;3.5;0.033;25;116;0.99057;3.2;0.44;11.7;"low"
6;0.26;0.18;7;0.055;50;194;0.99591;3.21;0.43;9;"low"
6.8;0.52;0.26;5.7;0.038;27;130;0.99;3.11;0.27;13;"high"
6.8;0.25;0.34;4.7;0.031;34;134;0.9927;3.21;0.38;10.6;"low"
6.1;0.24;0.3;1.5;0.045;22;61;0.992;3.31;0.54;10.4;"low"
8.4;0.28;0.4;8.9;0.048;33;146;0.9988;3.4;0.46;9.3;"low"
6.8;0.21;0.42;1.2;0.045;24;126;0.99234;3.09;0.87;10.9;"low"
6.3;0.27;0.46;11.75;0.037;61;212;0.9971;3.25;0.53;9.5;"low"
8;0.25;0.13;17.2;0.036;49;219;0.9996;2.96;0.46;9.7;"low"
7;0.31;0.35;1.6;0.063;13;119;0.99184;3.22;0.5;10.7;"low"
7.6;0.3;0.27;10.6;0.039;31;119;0.99815;3.27;0.3;9.3;"low"
7.1;0.21;0.31;3.8;0.021;40;142;0.99215;3.17;0.39;10.8;"high"
6.6;0.35;0.19;10.5;0.06;15;82;0.99588;3.13;0.38;9.9;"low"
7.5;0.28;0.41;1.3;0.044;11;126;0.99293;3.28;0.45;10.3;"low"
7;0.35;0.31;1.8;0.069;15;162;0.9944;3.18;0.47;9.4;"low"
7.2;0.27;0.31;1.2;0.031;27;80;0.98892;3.03;0.33;12.7;"low"
6.5;0.29;0.32;3;0.036;38;93;0.9906;3.16;0.59;12;"low"
8;0.22;0.32;10.4;0.043;63;201;0.997;3.11;0.53;9.5;"low"
7.3;0.4;0.28;6.5;0.037;26;97;0.99148;3.16;0.58;12.6;"high"
7.5;0.23;0.32;9.2;0.038;54;191;0.9966;3.04;0.56;9.7;"low"
6.5;0.26;0.31;3.6;0.03;36;92;0.99026;3.22;0.62;12.6;"high"
7;0.14;0.32;9;0.039;54;141;0.9956;3.22;0.43;9.4;"low"
6.3;0.41;0.18;3.5;0.027;23;109;0.99018;3.34;0.54;12.8;"high"
7.3;0.24;0.34;15.4;0.05;38;174;0.9983;3.03;0.42;9;"low"
7;0.24;0.35;1.5;0.052;51;128;0.9941;3.41;0.59;10.4;"high"
6.8;0.26;0.44;8.2;0.046;52;183;0.99584;3.2;0.51;9.4;"low"
7.1;0.21;0.33;1.2;0.039;34;97;0.99112;3.11;0.75;11.2;"low"
7;0.36;0.25;5.7;0.015;14;73;0.98963;2.82;0.59;13.2;"low"
5.7;0.24;0.3;1.3;0.03;25;98;0.98968;3.37;0.43;12.4;"high"
4.4;0.54;0.09;5.1;0.038;52;97;0.99022;3.41;0.4;12.2;"high"
5.6;0.225;0.24;9.8;0.054;59;140;0.99545;3.17;0.39;10.2;"low"
6.3;0.22;0.43;4.55;0.038;31;130;0.9918;3.35;0.33;11.5;"high"
7.8;0.26;0.49;3.2;0.027;28;87;0.9919;3.03;0.32;11.3;"high"
7.9;0.14;0.28;1.8;0.041;44;178;0.9954;3.45;0.43;9.2;"low"
7.9;0.37;0.3;2.7;0.029;64;158;0.9916;3.12;0.59;12;"high"
7;0.15;0.38;2.2;0.047;33;96;0.9928;3.13;0.39;10.4;"high"
7.1;0.31;0.25;11.2;0.048;32;136;0.99663;3.14;0.4;9.5;"low"
5.3;0.585;0.07;7.1;0.044;34;145;0.9945;3.34;0.57;9.7;"low"
7;0.32;0.35;1.5;0.039;24;125;0.9918;3.17;0.64;12.2;"low"
7.7;0.39;0.3;5.2;0.037;29;131;0.9943;3.38;0.44;11;"low"
5.9;0.19;0.37;0.8;0.027;3;21;0.9897;3.09;0.31;10.8;"low"
8.4;0.22;0.3;8.9;0.024;17;118;0.99456;2.99;0.34;10.5;"low"
5.8;0.23;0.21;1.5;0.044;21;110;0.99138;3.3;0.57;11;"low"
6.4;0.26;0.35;7.7;0.056;45;191;0.99527;3.16;0.5;9.5;"low"
5.2;0.3;0.34;1.5;0.038;18;96;0.98942;3.56;0.48;13;"high"
6.6;0.24;0.22;12.3;0.051;35;146;0.99676;3.1;0.67;9.4;"low"
6.4;0.5;0.2;2.4;0.059;19;112;0.99314;3.18;0.4;9.2;"low"
6.1;0.29;0.27;1.7;0.024;13;76;0.9893;3.21;0.51;12.6;"high"
7.9;0.16;0.3;4.8;0.037;37;171;0.9967;3.47;0.44;9;"low"
7.5;0.27;0.79;11.95;0.04;51;159;0.99839;2.98;0.44;8.7;"low"
6.7;0.24;0.39;2.9;0.173;63;157;0.9937;3.1;0.34;9.4;"low"
6.4;0.27;0.3;1.6;0.04;19;86;0.99089;3.32;0.65;11.5;"low"
5.9;0.28;0.39;1.4;0.031;47;147;0.98836;3.08;0.64;12.9;"high"
7.6;0.31;0.27;8.8;0.021;57;156;0.99442;3.08;0.38;11;"high"
7.4;0.3;0.3;5.2;0.053;45;163;0.9941;3.12;0.45;10.3;"low"
8.5;0.15;0.49;1.5;0.031;17;122;0.9932;3.03;0.4;10.3;"low"
5.8;0.345;0.15;10.8;0.033;26;120;0.99494;3.25;0.49;10;"low"
7.9;0.31;0.22;13.3;0.048;46;212;0.99942;3.47;0.59;10;"low"
6;0.34;0.24;5.4;0.06;23;126;0.9951;3.25;0.44;9;"high"
6.7;0.24;0.33;12.3;0.046;31;145;0.9983;3.36;0.4;9.5;"low"
8;0.28;0.42;7.1;0.045;41;169;0.9959;3.17;0.43;10.6;"low"
5;0.33;0.18;4.6;0.032;40;124;0.99114;3.18;0.4;11;"low"
7.1;0.47;0.29;14.8;0.024;22;142;0.99518;3.12;0.48;12;"high"
7.4;0.155;0.34;2.3;0.045;73.5;214;0.9934;3.18;0.61;9.9;"high"
5.4;0.15;0.32;2.5;0.037;10;51;0.98878;3.04;0.58;12.6;"low"
7.7;0.3;0.42;14.3;0.045;45;213;0.9991;3.18;0.63;9.2;"low"
6.4;0.3;0.16;7.5;0.05;55;191;0.9959;3.17;0.49;9;"low"
9.6;0.655;0.21;2;0.039;21;120;0.99188;3;1;12.6;"low"
6.7;0.16;0.32;12.5;0.035;18;156;0.99666;2.88;0.36;9;"low"
6.1;0.25;0.24;12.1;0.046;51;172;0.998;3.35;0.45;9.5;"low"
5.8;0.26;0.29;1;0.042;35;101;0.99044;3.36;0.48;11.4;"high"
8.3;0.3;0.36;10;0.042;33;169;0.9982;3.23;0.51;9.3;"low"
5.8;0.19;0.33;4.2;0.038;49;133;0.99107;3.16;0.42;11.3;"high"
5.6;0.34;0.3;6.9;0.038;23;89;0.99266;3.25;0.49;11.1;"low"
5.9;0.4;0.32;6;0.034;50;127;0.992;3.51;0.58;12.5;"high"
8.2;0.27;0.39;7.8;0.039;49;208;0.9976;3.31;0.51;9.5;"low"
6.9;0.36;0.28;13.55;0.048;51;189;0.99782;3;0.6;9.5;"high"
6.8;0.45;0.28;26.05;0.031;27;122;1.00295;3.06;0.42;10.6;"low"
6.4;0.23;0.39;1.8;0.032;23;118;0.9912;3.32;0.5;11.8;"low"
7;0.16;0.3;2.6;0.043;34;90;0.99047;2.88;0.47;11.2;"low"
6.5;0.22;0.19;1.1;0.064;36;191;0.99297;3.05;0.5;9.5;"low"
7.1;0.25;0.25;1.6;0.046;50;181;0.9925;3.2;0.42;11;"high"
5.7;0.27;0.16;9;0.053;32;111;0.99474;3.36;0.37;10.4;"low"
6.2;0.38;0.18;7.4;0.095;28;195;0.99773;3.53;0.71;9.2;"low"
7.2;0.23;0.39;14.2;0.058;49;192;0.9979;2.98;0.48;9;"high"
7.1;0.29;0.28;9.3;0.048;50;141;0.9949;3.13;0.49;10.3;"low"
6.4;0.28;0.43;7.1;0.045;60;221;0.9952;3.09;0.45;9.4;"low"
6.6;0.25;0.42;11.3;0.049;77;231;0.9966;3.24;0.52;9.5;"low"
6.5;0.33;0.28;6.1;0.018;41;103;0.99122;3.24;0.32;12.2;"low"
7.4;0.29;0.28;10.2;0.032;43;138;0.9951;3.1;0.47;10.6;"low"
7;0.31;0.52;1.7;0.029;5;61;0.9918;3.07;0.43;10.4;"low"
8.4;0.23;0.32;1.3;0.048;59;113;0.99178;3.1;0.55;11;"low"
7.6;0.21;0.35;1.2;0.041;7;106;0.9914;3.06;0.45;11.3;"low"
7.3;0.26;0.33;17.85;0.049;41.5;195;1;3.06;0.44;9.1;"high"
6.7;0.42;0.46;9.7;0.054;67;234;0.99848;3.23;0.5;9;"low"
6.8;0.18;0.35;5.4;0.054;53;143;0.99287;3.1;0.54;11;"high"
6.1;0.28;0.35;12.8;0.048;63;229;0.9975;3.08;0.4;8.9;"low"
6.9;0.24;0.4;15.4;0.052;81;198;0.9986;3.2;0.69;9.4;"low"
8.3;0.18;0.3;1.1;0.033;20;57;0.99109;3.02;0.51;11;"low"
6.6;0.24;0.3;13;0.052;18;143;0.99825;3.37;0.49;9.4;"low"
7.5;0.21;0.34;1.2;0.06;26;111;0.9931;3.51;0.47;10.7;"low"
6.1;0.27;0.31;1.5;0.035;17;83;0.99076;3.32;0.44;11.1;"high"
6.8;0.24;0.35;6.4;0.048;44;172;0.9944;3.29;0.55;10.5;"high"
7;0.35;0.17;1.1;0.049;7;119;0.99297;3.13;0.36;9.7;"low"
6.2;0.25;0.31;3.2;0.03;32;150;0.99014;3.18;0.31;12;"low"
7.5;0.42;0.34;4.3;0.04;34;108;0.99155;3.14;0.45;12.8;"high"
6.2;0.27;0.49;1.4;0.05;20;74;0.9931;3.32;0.44;9.8;"low"
6;0.32;0.32;4.8;0.041;40;186;0.99235;3.22;0.54;11;"low"
6;0.2;0.24;5.3;0.075;49;201;0.99466;3.21;0.43;9.5;"low"
6.6;0.15;0.34;1;0.037;45;79;0.98949;2.96;0.5;11.7;"low"
7.7;0.3;0.32;1.6;0.037;23;124;0.9919;2.93;0.33;11;"low"
6;0.27;0.26;1.3;0.038;32;138;0.99125;3.46;0.43;11.1;"low"
6;0.44;0.26;3.1;0.053;57;128;0.98982;3.22;0.39;12.7;"low"
6.3;0.15;0.3;1.4;0.022;38;100;0.99099;3.42;0.57;11.4;"high"
7.5;0.22;0.29;4.8;0.05;33;87;0.994;3.14;0.42;9.9;"low"
7.3;0.25;0.36;2.1;0.034;30;177;0.99085;3.25;0.4;11.9;"high"
5.9;0.24;0.3;2;0.033;28;92;0.99225;3.39;0.69;10.9;"high"
7.1;0.28;0.19;7.8;0.04;48;184;0.99579;3.16;0.5;9.4;"low"
6.8;0.17;0.32;1.4;0.04;35;106;0.99026;3.16;0.66;12;"low"
6.9;0.4;0.37;8.9;0.053;36;148;0.996;3.16;0.5;9.3;"low"
6.7;0.15;0.38;1.7;0.037;20;84;0.99046;3.09;0.53;11.4;"low"
6.3;0.34;0.28;14.7;0.047;49;198;0.9977;3.23;0.46;9.5;"low"
5.6;0.28;0.4;6.1;0.034;36;118;0.99144;3.21;0.43;12.1;"high"
7.4;0.25;0.29;6.8;0.02;31;113;0.99338;3.13;0.29;10.8;"low"
7.5;0.21;0.29;1.5;0.046;35;107;0.99123;3.15;0.45;11.3;"low"
7;0.15;0.34;1.4;0.039;21;177;0.9927;3.32;0.62;10.8;"low"
7.1;0.26;0.37;5.5;0.025;31;105;0.99082;3.06;0.33;12.6;"high"
6.5;0.315;0.2;6.6;0.041;9;126;0.99494;2.94;0.51;8.8;"low"
5;0.35;0.25;7.8;0.031;24;116;0.99241;3.39;0.4;11.3;"low"
5.8;0.23;0.2;2;0.043;39;154;0.99226;3.21;0.39;10.2;"low"
7.4;0.26;0.29;3.7;0.048;14;73;0.9915;3.06;0.45;11.4;"low"
7.2;0.36;0.36;5.7;0.038;26;98;0.9914;2.93;0.59;12.5;"high"
7;0.22;0.3;1.4;0.04;14;63;0.98985;3.2;0.33;12;"low"
8;0.57;0.39;3.9;0.034;22;122;0.9917;3.29;0.67;12.8;"high"
6.5;0.22;0.25;17.1;0.05;44;138;1.0001;3.3;0.37;8.8;"low"
6.8;0.3;0.23;4.6;0.061;50.5;238.5;0.9958;3.32;0.6;9.5;"low"
6.4;0.38;0.2;5.3;0.117;57;181;0.99459;3.24;0.43;9.5;"low"
7.7;0.26;0.31;1.3;0.043;47;155;0.9937;3.42;0.5;10.1;"low"
6.1;0.34;0.46;4.7;0.029;21;94;0.991;3.29;0.62;12.3;"low"
7.1;0.16;0.36;1.2;0.043;21;90;0.9925;3.16;0.42;11;"high"
6.9;0.21;0.24;1.8;0.021;17;80;0.98992;3.15;0.46;12.3;"high"
6.2;0.36;0.22;5.25;0.038;44;145;0.99184;3.22;0.4;11.2;"low"
7.1;0.28;0.35;3.5;0.028;35;91;0.99022;2.96;0.33;12.1;"low"
6.1;0.23;0.27;9.8;0.055;74;134;0.99534;3.16;0.4;10.2;"low"
4.9;0.335;0.14;1.3;0.036;69;168;0.99212;3.47;0.46;10.4666666666667;"low"
7.5;0.19;0.49;1.8;0.055;19;110;0.9946;3.33;0.44;9.9;"low"
5.8;0.14;0.15;6.1;0.042;27;123;0.99362;3.06;0.6;9.9;"low"
6.6;0.39;0.39;11.9;0.057;51;221;0.99851;3.26;0.51;8.9;"low"
6.3;0.16;0.4;1.6;0.033;59;148;0.9914;3.44;0.53;11.4;"low"
7.3;0.17;0.24;8.1;0.121;32;162;0.99508;3.17;0.38;10.4;"high"
6.8;0.34;0.69;1.3;0.058;12;171;0.9931;3.06;0.47;9.7;"low"
6.6;0.23;0.3;4.6;0.06;29;154;0.99142;3.23;0.49;12.2;"high"
7.2;0.2;0.3;2;0.039;43;188;0.9911;3.3;0.41;12;"low"
5.3;0.24;0.33;1.3;0.033;25;97;0.9906;3.59;0.38;11;"high"
6.7;0.19;0.39;1;0.032;14;71;0.98912;3.31;0.38;13;"high"
7.1;0.64;0.49;1.8;0.05;17;128;0.9946;3.31;0.58;10.6;"low"
7.5;0.24;0.31;13.1;0.05;26;180;0.99884;3.05;0.53;9.1;"low"
6.6;0.26;0.56;15.4;0.053;32;141;0.9981;3.11;0.49;9.3;"low"
6.2;0.3;0.32;1.7;0.032;30;130;0.9911;3.28;0.41;11.2;"high"
7.4;0.16;0.3;13.7;0.056;33;168;0.99825;2.9;0.44;8.7;"high"
7.6;0.34;0.39;7.6;0.04;45;215;0.9965;3.11;0.53;9.2;"low"
7;0.26;0.26;10.8;0.039;37;184;0.99787;3.47;0.58;10.3;"high"
7.7;0.38;0.23;10.8;0.03;28;95;0.99164;2.93;0.41;13.6;"low"
8.2;0.37;0.27;1.7;0.028;10;59;0.9923;2.97;0.48;10.4;"low"
6.9;0.23;0.24;14.2;0.053;19;94;0.9982;3.17;0.5;9.6;"low"
7.4;0.18;0.24;1.4;0.047;21;106;0.99383;3.52;0.64;10.5;"high"
8.1;0.28;0.49;1;0.04;32;148;0.9936;3.13;0.41;10;"low"
6.8;0.32;0.18;7.5;0.041;71;223;0.9959;3.14;0.41;8.9;"low"
6.3;0.27;0.18;7.7;0.048;45;186;0.9962;3.23;0.47;9;"low"
6.9;0.23;0.4;7.5;0.04;50;151;0.9927;3.11;0.27;11.4;"low"
6;0.38;0.26;6;0.034;42;134;0.9912;3.38;0.38;12.3;"high"
5.8;0.28;0.27;2.6;0.054;30;156;0.9914;3.53;0.42;12.4;"low"
6.4;0.25;0.57;1;0.062;21;122;0.99238;3;0.4;9.5;"low"
5.3;0.58;0.07;6.9;0.043;34;149;0.9944;3.34;0.57;9.7;"low"
6.2;0.35;0.31;2.6;0.036;37;92;0.98938;3.27;0.53;12.8;"high"
4.9;0.345;0.34;1;0.068;32;143;0.99138;3.24;0.4;10.1;"low"
7.4;0.2;0.37;16.95;0.048;43;190;0.9995;3.03;0.42;9.2;"low"
5.7;0.2;0.24;13.8;0.047;44;112;0.99837;2.97;0.66;8.8;"low"
7.9;0.51;0.34;2.6;0.049;13;135;0.99335;3.09;0.51;10;"low"
7.5;0.17;0.37;1.5;0.06;18;75;0.9936;3.54;0.88;10.7;"low"
7.2;0.16;0.26;7.1;0.054;41;224;0.9966;3.38;0.55;10.1;"low"
7.2;0.4;0.62;10.8;0.041;70;189;0.9976;3.08;0.49;8.6;"low"
6.7;0.62;0.24;1.1;0.039;6;62;0.9934;3.41;0.32;10.4;"low"
5.7;0.45;0.42;1.1;0.051;61;197;0.9932;3.02;0.4;9;"low"
8.4;0.2;0.38;11.8;0.055;51;170;1.0004;3.34;0.82;8.9;"low"
7.2;0.22;0.28;7.2;0.06;41;132;0.9935;3.08;0.59;11.3;"low"
6.4;0.33;0.3;7.2;0.041;42;168;0.99331;3.22;0.49;11.1;"low"
7.5;0.42;0.14;10.7;0.046;18;95;0.9959;3.22;0.33;10.7;"low"
6.1;0.31;0.37;8.4;0.031;70;170;0.9934;3.42;0.4;11.7;"high"
5.8;0.33;0.2;16.05;0.047;26;166;0.9976;3.09;0.46;8.9;"low"
7;0.15;0.28;14.7;0.051;29;149;0.99792;2.96;0.39;9;"high"
6.2;0.3;0.32;1.2;0.052;32;185;0.99266;3.28;0.44;10.1;"low"
6;0.17;0.29;5;0.028;25;108;0.99076;3.14;0.34;12.3;"low"
5.7;0.22;0.22;16.65;0.044;39;110;0.99855;3.24;0.48;9;"low"
6.8;0.21;0.55;14.6;0.053;34;159;0.99805;2.93;0.44;9.2;"low"
8.6;0.26;0.41;2.2;0.049;29;111;0.9941;2.96;0.44;10;"low"
7.3;0.23;0.34;9.3;0.052;19;86;0.99574;3.04;0.56;10;"low"
6.6;0.31;0.37;6.2;0.052;13;164;0.99602;3.24;0.39;8.8;"low"
7;0.24;0.32;1.3;0.037;39;123;0.992;3.17;0.42;11.2;"high"
6.6;0.4;0.3;5.3;0.038;20;125;0.99204;3.36;0.73;12.6;"low"
7.2;0.29;0.18;8.2;0.042;41;180;0.99644;3.16;0.49;9.1;"low"
6.3;0.6;0.44;11;0.05;50;245;0.9972;3.19;0.57;9.3;"low"
6.6;0.24;0.35;7.7;0.031;36;135;0.9938;3.19;0.37;10.5;"low"
5.8;0.3;0.12;1.6;0.036;57;163;0.99239;3.38;0.59;10.5;"low"
7.6;0.28;0.49;20.15;0.06;30;145;1.00196;3.01;0.44;8.5;"low"
7.6;0.25;1.23;4.6;0.035;51;294;0.99018;3.03;0.43;13.1;"low"
6.3;0.19;0.21;1.8;0.049;35;163;0.9924;3.31;0.5;10.3;"low"
6.4;0.16;0.44;1.2;0.051;39;122;0.99058;3.11;0.75;11.3;"high"
5;0.33;0.23;11.8;0.03;23;158;0.99322;3.41;0.64;11.8;"low"
6.8;0.28;0.44;11.5;0.04;58;223;0.9969;3.22;0.56;9.5;"low"
6.1;0.32;0.24;1.5;0.036;38;124;0.9898;3.29;0.42;12.4;"high"
7.6;0.38;0.28;4.2;0.029;7;112;0.9906;3;0.41;12.6;"low"
6.8;0.32;0.21;2.2;0.044;15;68;0.9932;3.17;0.39;9.4;"low"
7.9;0.28;0.32;3.6;0.038;9;76;0.992;3.05;0.31;11.7;"low"
6.5;0.13;0.27;2.6;0.035;32;76;0.9914;3.21;0.76;11.3333333333333;"low"
7.3;0.145;0.33;1.1;0.042;14;64;0.99012;3.1;0.37;11.8;"high"
5.8;0.28;0.34;2.2;0.037;24;125;0.98986;3.36;0.33;12.8;"high"
6.7;0.25;0.36;8.6;0.037;63;206;0.99553;3.18;0.5;9.6;"low"
6.2;0.29;0.26;13.1;0.046;55;204;0.99745;3.16;0.41;9.6;"low"
6.4;0.24;0.31;2.8;0.038;41;114;0.99155;3.37;0.66;11.7;"high"
7.3;0.21;0.29;1.6;0.034;29;118;0.9917;3.3;0.5;11;"high"
6.8;0.28;0.34;7.5;0.035;34;177;0.99692;3.33;0.43;9.1;"low"
9;0.24;0.5;1.2;0.048;26;107;0.9918;3.21;0.34;12.4;"low"
6.2;0.12;0.34;1.5;0.045;43;117;0.9939;3.42;0.51;9;"low"
5.8;0.32;0.28;4.3;0.032;46;115;0.98946;3.16;0.57;13;"high"
7.1;0.21;0.35;2.5;0.04;41;186;0.99128;3.32;0.56;12.5;"low"
8.3;0.2;0.74;4.45;0.044;33;130;0.9924;3.25;0.42;12.2;"low"
9.8;0.36;0.46;10.5;0.038;4;83;0.9956;2.89;0.3;10.1;"low"
6.9;0.29;0.23;8.6;0.056;56;215;0.9967;3.17;0.44;8.8;"low"
6.6;0.41;0.31;1.6;0.042;18;101;0.99195;3.13;0.41;10.5;"low"
6.9;0.12;0.36;2.2;0.037;18;111;0.9919;3.41;0.82;11.9;"high"
6.9;0.18;0.36;1.3;0.036;40;117;0.9934;3.27;0.95;9.5;"high"
6.5;0.29;0.3;9.15;0.051;25;166;0.99339;3.24;0.56;11.35;"low"
7.1;0.29;0.34;7.8;0.036;49;128;0.99397;3.21;0.4;10.7;"low"
6.8;0.19;0.4;9.85;0.055;41;103;0.99532;2.98;0.56;10.5;"low"
6.7;0.33;0.42;6.4;0.058;27;151;0.9954;3.16;0.44;9.6;"low"
6.4;0.31;0.4;6.2;0.04;46;169;0.9953;3.15;0.46;9.3;"low"
6.5;0.21;0.35;5.7;0.043;47;197;0.99392;3.24;0.5;10.1;"low"
6.8;0.25;0.27;10.7;0.076;47;154;0.9967;3.05;0.38;9;"low"
6.8;0.37;0.51;11.8;0.044;62;163;0.9976;3.19;0.44;8.8;"low"
6.7;0.12;0.3;5.2;0.048;38;113;0.99352;3.33;0.44;10.1;"high"
8.1;0.17;0.44;14.1;0.053;43;145;1.0006;3.28;0.75;8.8;"high"
6.8;0.23;0.29;15.4;0.073;56;173;0.9984;3.06;0.41;8.7;"low"
6.8;0.475;0.33;3.95;0.047;16;81;0.98988;3.23;0.53;13.4;"high"
8.7;0.3;0.59;1.7;0.046;10;70;0.99373;3.06;0.56;10.8;"low"
8.3;0.25;0.49;16.8;0.048;50;228;1.0001;3.03;0.52;9.2;"low"
6.5;0.425;0.4;13.1;0.038;59;241;0.9979;3.23;0.57;9;"low"
6.6;0.26;0.27;1.5;0.04;19;114;0.99295;3.36;0.62;10.5;"low"
6.3;0.17;0.42;2.8;0.028;45;107;0.9908;3.27;0.43;11.8;"low"
6.3;0.36;0.2;2;0.048;48;191;0.9929;3.17;0.51;9.6;"low"
6.7;0.19;0.32;3.7;0.041;26;76;0.99173;2.9;0.57;10.5;"high"
6.6;0.26;0.46;6.9;0.047;59;183;0.99594;3.2;0.45;9.3;"low"
6.9;0.19;0.49;6.6;0.036;49;172;0.9932;3.2;0.27;11.5;"low"
5.5;0.485;0;1.5;0.065;8;103;0.994;3.63;0.4;9.7;"low"
6.8;0.16;0.36;1.3;0.034;32;98;0.99058;3.02;0.58;11.3;"low"
5.9;0.27;0.27;5;0.035;14;97;0.99058;3.1;0.33;11.8;"high"
6.1;0.31;0.58;5;0.039;36;114;0.9909;3.3;0.6;12.3;"high"
7.6;0.28;0.39;1.9;0.052;23;116;0.9941;3.25;0.4;10.4;"low"
7.8;0.3;0.29;16.85;0.054;23;135;0.9998;3.16;0.38;9;"low"
6.2;0.32;0.32;2.2;0.036;15;70;0.9899;3.16;0.48;12.7;"low"
6;0.24;0.32;6.3;0.03;34;129;0.9946;3.52;0.41;10.4;"low"
7.5;0.23;0.68;11;0.047;37;133;0.9978;2.99;0.38;8.8;"low"
8;0.27;0.33;1.2;0.05;41;103;0.99002;3;0.45;12.4;"low"
5.7;0.26;0.24;17.8;0.059;23;124;0.99773;3.3;0.5;10.1;"low"
6;0.29;0.41;10.8;0.048;55;149;0.9937;3.09;0.59;11;"high"
6.7;0.41;0.24;5.4;0.035;33;115;0.9901;3.12;0.44;12.8933333333333;"high"
6.9;0.32;0.26;2.3;0.03;11;103;0.99106;3.06;0.42;11.1;"low"
7.1;0.32;0.29;4;0.038;33;170;0.99463;3.27;0.64;10.2;"low"
6.5;0.13;0.27;2.6;0.035;32;76;0.9914;3.21;0.76;11.3333333333333;"low"
7;0.35;0.17;1.1;0.049;7;119;0.99297;3.13;0.36;9.7;"low"
5.8;0.34;0.16;7;0.037;26;116;0.9949;3.46;0.45;10;"high"
6.2;0.255;0.24;1.7;0.039;138.5;272;0.99452;3.53;0.53;9.6;"low"
6.7;0.27;0.69;1.2;0.176;36;106;0.99288;2.96;0.43;9.2;"low"
6.6;0.38;0.15;4.6;0.044;25;78;0.9931;3.11;0.38;10.2;"low"
6.5;0.22;0.28;3.7;0.059;29;151;0.99177;3.23;0.41;12.1;"high"
7.8;0.2;0.2;1.4;0.036;25;83;0.99088;3.03;0.46;11.7;"low"
5.8;0.24;0.44;3.5;0.029;5;109;0.9913;3.53;0.43;11.7;"low"
10.7;0.22;0.56;8.2;0.044;37;181;0.998;2.87;0.68;9.5;"low"
7.4;0.3;0.22;5.25;0.053;33;180;0.9926;3.13;0.45;11.6;"low"
7;0.36;0.35;2.5;0.048;67;161;0.99146;3.05;0.56;11.1;"low"
6.9;0.34;0.3;4.7;0.029;34;148;0.99165;3.36;0.49;12.3;"high"
8;0.19;0.3;2;0.053;48;140;0.994;3.18;0.49;9.6;"low"
8.3;0.14;0.34;1.1;0.042;7;47;0.9934;3.47;0.4;10.2;"low"
7.5;0.22;0.33;6.7;0.036;45;138;0.9939;3.2;0.68;11.4;"low"
6.3;0.19;0.29;2;0.022;33;96;0.98902;3.04;0.54;12.8;"high"
6.4;0.15;0.44;1.2;0.043;67;150;0.9907;3.14;0.73;11.2;"high"
6.3;0.4;0.32;10.6;0.049;38;209;0.9981;3.47;0.59;9.3;"low"
7.5;0.3;0.71;1.3;0.16;44;149;0.9948;3.08;0.42;8.9;"low"
7.6;0.26;0.32;1.3;0.048;23;76;0.9903;2.96;0.46;12;"low"
6.6;0.25;0.3;14.4;0.052;40;183;0.998;3.02;0.5;9.1;"low"
7.6;0.2;0.26;4.8;0.033;26;76;0.99076;2.98;0.49;12.3;"high"
5.6;0.28;0.27;3.9;0.043;52;158;0.99202;3.35;0.44;10.7;"high"
6.9;0.3;0.45;1.4;0.039;36;122;0.99059;3.07;0.47;11.1;"high"
6.5;0.24;0.19;1.2;0.041;30;111;0.99254;2.99;0.46;9.4;"low"
7.3;0.26;0.31;1.6;0.04;39;173;0.9918;3.19;0.51;11.4;"low"
5.4;0.205;0.16;12.55;0.051;31;115;0.99564;3.4;0.38;10.8;"low"
5.7;0.22;0.25;1.1;0.05;97;175;0.99099;3.44;0.62;11.1;"low"
6.9;0.26;0.27;4.2;0.031;20;80;0.99089;3.12;0.39;11.5;"low"
7.2;0.16;0.49;1.3;0.037;27;104;0.9924;3.23;0.57;10.6;"low"
6.9;0.38;0.29;13.65;0.048;52;189;0.99784;3;0.6;9.5;"low"
7.15;0.17;0.24;9.6;0.119;56;178;0.99578;3.15;0.44;10.2;"low"
6.7;0.16;0.36;2;0.045;24;131;0.99284;3.3;0.59;10.5;"low"
6.9;0.25;0.26;5.2;0.024;36;135;0.9948;3.16;0.72;10.7;"high"
5.5;0.15;0.32;14;0.031;16;99;0.99437;3.26;0.38;11.5;"high"
8.2;0.2;0.36;8.1;0.035;60;163;0.9952;3.05;0.3;10.3;"low"
6.5;0.29;0.25;10.6;0.039;32;120;0.9962;3.31;0.34;10.1;"low"
6.8;0.18;0.21;5.4;0.053;34;104;0.99445;3.3;0.43;9.4;"low"
8.6;0.37;0.7;12.15;0.039;21;158;0.9983;3;0.73;9.3;"low"
9.5;0.21;0.47;1.3;0.039;21;123;0.9959;2.9;0.64;9.5;"low"
6.8;0.18;0.46;1.4;0.064;37;160;0.9924;3.37;0.45;11.1;"low"
6.4;0.34;0.2;14.9;0.06;37;162;0.9983;3.13;0.45;9;"low"
6.8;0.28;0.29;11.9;0.052;51;149;0.99544;3.02;0.58;10.4;"low"
8.1;0.34;0.28;7.5;0.04;70;230;0.99558;3.14;0.55;9.8;"low"
7.4;0.31;0.26;8.6;0.048;47;206;0.9964;3.26;0.36;9.1;"low"
6.7;0.42;0.39;12.1;0.04;61;248;0.99794;3.31;0.58;9.7;"low"
7.6;0.17;0.35;1.6;0.047;43;154;0.9934;3.36;0.69;11.1;"low"
7.9;0.22;0.49;3.8;0.042;26;105;0.993;3.1;0.39;10.5;"low"
7.7;0.32;0.48;2.3;0.04;28;114;0.9911;3.2;0.52;12.8;"high"
7.2;0.14;0.35;1.2;0.036;15;73;0.9938;3.46;0.39;9.9;"low"
6.9;0.28;0.31;7.2;0.04;47;168;0.9946;3.29;0.57;10.6;"high"
6.7;0.46;0.21;4;0.034;12;88;0.99016;3.26;0.54;13;"low"
6.2;0.27;0.43;7.8;0.056;48;244;0.9956;3.1;0.51;9;"low"
6.3;0.27;0.51;7.6;0.049;35;200;0.99548;3.16;0.54;9.4;"low"
6.9;0.25;0.24;1.8;0.053;6;121;0.993;3.23;0.7;11.4;"low"
6.9;0.28;0.3;1.6;0.047;46;132;0.9918;3.35;0.38;11.1;"high"
6.7;0.54;0.28;5.4;0.06;21;105;0.9949;3.27;0.37;9;"low"
6.6;0.17;0.35;2.6;0.03;33;78;0.99146;3.22;0.72;11.3;"low"
7.2;0.27;0.42;1.6;0.05;35;135;0.992;2.94;0.46;11;"low"
6.9;0.3;0.3;1.3;0.053;24;186;0.99361;3.29;0.54;9.9;"low"
6;0.19;0.26;1.4;0.039;30;104;0.98998;3.32;0.41;12.4;"low"
8.8;0.34;0.33;9.7;0.036;46;172;0.9966;3.08;0.4;10.2;"low"
7.5;0.26;0.59;11.8;0.046;58;164;0.99814;3.17;0.46;8.9;"low"
8;0.37;0.32;1.6;0.04;32;166;0.992;3;0.55;11.3;"high"
5.7;0.18;0.26;2.2;0.023;21;95;0.9893;3.07;0.54;12.3;"low"
6.2;0.27;0.26;12.1;0.046;43;127;0.9951;3.16;0.37;10.8;"low"
8.5;0.23;0.4;9.9;0.036;24;88;0.9951;3.02;0.42;10.5;"low"
6.7;0.11;0.26;14.8;0.053;44;95;0.99676;3.2;0.35;9.8;"low"
5.9;0.26;0.4;1.3;0.047;12;139;0.9945;3.45;0.53;10.4;"low"
6;0.26;0.29;3.1;0.041;37;144;0.98944;3.22;0.39;12.8;"high"
8.2;0.38;0.49;13.6;0.042;58;166;0.99855;3.1;0.54;9.4;"low"
7.1;0.28;0.26;1.9;0.049;12;86;0.9934;3.15;0.38;9.4;"low"
6.6;0.18;0.26;17.3;0.051;17;149;0.9984;3;0.43;9.4;"low"
7;0.24;0.47;1.3;0.043;18;131;0.99176;3.19;0.45;11;"low"
7.3;0.3;0.34;2.7;0.044;34;108;0.99105;3.36;0.53;12.8;"high"
6.4;0.25;0.32;5.5;0.049;41;176;0.995;3.19;0.68;9.2;"low"
5.9;0.37;0.1;1.6;0.057;39;128;0.9924;3.24;0.48;10.1;"low"
7.5;0.29;0.31;8.95;0.055;20;151;0.9968;3.08;0.54;9.3;"low"
7;0.27;0.29;3.9;0.059;28;199;0.9961;3.54;0.59;10.3;"low"
7.1;0.26;0.32;5.9;0.037;39;97;0.9934;3.31;0.4;11.6;"low"
6.6;0.38;0.28;2.8;0.043;17;67;0.98924;3.21;0.47;13.2;"low"
4.8;0.29;0.23;1.1;0.044;38;180;0.98924;3.28;0.34;11.9;"low"
6.3;0.41;0.33;4.7;0.023;28;110;0.991;3.3;0.38;12.5;"high"
7.6;0.2;0.39;2.6;0.044;30;180;0.9941;3.46;0.44;10.8;"high"
6.8;0.23;0.3;6.95;0.044;42;179;0.9946;3.25;0.56;10.6;"low"
8.3;0.22;0.38;14.8;0.054;32;126;1.0002;3.22;0.5;9.7;"low"
7.6;0.35;0.46;14.7;0.047;33;151;0.99709;3.03;0.53;10.3;"low"
7.9;0.17;0.32;1.6;0.053;47;150;0.9948;3.29;0.76;9.6;"low"
5.6;0.245;0.25;9.7;0.032;12;68;0.994;3.31;0.34;10.5;"low"
7;0.24;0.3;6.7;0.039;37;125;0.99436;3.2;0.39;9.9;"low"
8.9;0.34;0.32;1.3;0.041;12;188;0.9953;3.17;0.49;9.5;"low"
6.5;0.3;0.28;11.45;0.041;29;109;0.99418;2.98;0.3;10.9;"low"
6.7;0.18;0.28;10.2;0.039;29;115;0.99469;3.11;0.45;10.9;"high"
6.8;0.23;0.42;7.4;0.044;56;189;0.9958;3.22;0.48;9.3;"low"
6.7;0.24;0.31;2.3;0.044;37;113;0.99013;3.29;0.46;12.9;"low"
5.5;0.34;0.26;2.2;0.021;31;119;0.98919;3.55;0.49;13;"high"
6.2;0.25;0.54;7;0.046;58;176;0.99454;3.19;0.7;10.4;"low"
6.4;0.29;0.3;6.5;0.209;62;156;0.99478;3.1;0.4;9.4;"low"
5.4;0.45;0.27;6.4;0.033;20;102;0.98944;3.22;0.27;13.4;"high"
4.8;0.33;0;6.5;0.028;34;163;0.9937;3.35;0.61;9.9;"low"
6.4;0.21;0.28;5.9;0.047;29;101;0.99278;3.15;0.4;11;"low"
8;0.22;0.31;5.6;0.049;24;97;0.993;3.1;0.42;10.9;"low"
5.8;0.385;0.25;3.7;0.031;38;122;0.99128;3.2;0.63;11.2;"low"
6.9;0.18;0.36;1.3;0.036;40;117;0.9934;3.27;0.95;9.5;"high"
6;0.32;0.33;9.9;0.032;22;90;0.99258;3.1;0.43;12.1;"high"
5.9;0.29;0.25;12;0.057;48;224;0.9981;3.23;0.41;9;"low"
7.4;0.28;0.4;11.9;0.032;13;92;0.99629;3.01;0.46;10.8;"low"
7.6;0.2;0.3;14.2;0.056;53;212.5;0.999;3.14;0.46;8.9;"high"
5.9;0.25;0.27;1.5;0.029;37;81;0.9892;3.2;0.46;12.2;"low"
6.7;0.37;0.25;2.5;0.028;24;84;0.9909;3.14;0.36;11.7;"low"
6.9;0.38;0.38;13.1;0.112;14;94;0.99792;3.02;0.48;9.2;"low"
5.6;0.29;0.05;0.8;0.038;11;30;0.9924;3.36;0.35;9.2;"low"
6.6;0.27;0.25;3.1;0.052;41;188;0.9915;3.24;0.4;11.3;"low"
5.6;0.32;0.33;7.4;0.037;25;95;0.99268;3.25;0.49;11.1;"low"
8.8;0.17;0.38;1.8;0.04;39;148;0.9942;3.16;0.67;10.2;"low"
7.1;0.12;0.32;9.6;0.054;64;162;0.9962;3.4;0.41;9.4;"low"
5.3;0.32;0.12;6.6;0.043;22;141;0.9937;3.36;0.6;10.4;"low"
6.4;0.23;0.35;10.3;0.042;54;140;0.9967;3.23;0.47;9.2;"low"
6.6;0.24;0.3;11.3;0.026;11;77;0.99381;3.13;0.55;12.8;"high"
6.4;0.18;0.32;9.6;0.052;24;90;0.9963;3.35;0.49;9.4;"low"
6.9;0.44;0.18;11.8;0.051;26;126;0.9975;3.23;0.48;9.1;"low"
6.7;0.48;0.49;2.9;0.03;28;122;0.98926;3.13;0.4;13;"low"
6.6;0.26;0.31;4.8;0.138;41;168;0.9951;3.2;0.38;9.3;"low"
6.7;0.3;0.5;12.1;0.045;38;127;0.9974;3.04;0.53;8.9;"low"
7.7;0.3;0.42;14.3;0.045;45;213;0.9991;3.18;0.63;9.2;"low"
6.9;0.19;0.39;8;0.028;22;84;0.994;3.11;0.66;10.8;"low"
6.6;0.12;0.25;1.4;0.039;21;131;0.99114;3.2;0.45;11.2;"high"
6.2;0.26;0.29;2;0.036;16;87;0.99081;3.33;0.61;11.8;"low"
6.5;0.37;0.33;3.5;0.036;23;92;0.99136;3.18;0.38;11.2;"low"
7.8;0.17;0.23;1.7;0.029;39;128;0.99272;3.37;0.41;10.7;"high"
7;0.17;0.74;12.8;0.045;24;126;0.9942;3.26;0.38;12.2;"high"
7.4;0.19;0.49;6.7;0.037;15;110;0.9938;3.2;0.38;11;"high"
6.6;0.32;0.47;15.6;0.063;27;173;0.99872;3.18;0.56;9;"low"
6.9;0.38;0.28;8.3;0.062;22;166;0.99506;3.16;0.72;10.6;"low"
6.6;0.31;0.49;7.7;0.05;52;220;0.9964;3.12;0.45;8.8;"low"
7.4;0.28;0.5;12.1;0.049;48;122;0.9973;3.01;0.44;9;"low"
6.3;0.14;0.39;1.2;0.044;26;116;0.992;3.26;0.53;10.3;"low"
8.9;0.27;0.28;0.8;0.024;29;128;0.98984;3.01;0.35;12.4;"low"
6.9;0.33;0.26;5;0.027;46;143;0.9924;3.25;0.43;11.2;"high"
8.3;0.14;0.26;1.5;0.049;56;189;0.9946;3.21;0.62;9.5;"low"
6.4;0.29;0.57;1;0.06;15;120;0.9924;3.06;0.41;9.5;"low"
7.7;0.12;0.32;1.4;0.06;47;150;0.9952;3.37;0.42;9.2;"low"
8.1;0.25;0.38;3.8;0.051;18;129;0.9928;3.21;0.38;11.5;"low"
6.9;0.28;0.28;12.2;0.042;52;139;0.99522;3.03;0.56;10.4;"low"
8.5;0.28;0.34;13.8;0.041;32;161;0.9981;3.13;0.4;9.9;"low"
6.5;0.18;0.41;14.2;0.039;47;129;0.99678;3.28;0.72;10.3;"high"
7.2;0.2;0.61;16.2;0.043;14;103;0.9987;3.06;0.36;9.2;"low"
6.8;0.32;0.43;1.6;0.05;4;65;0.99346;3.27;0.47;10.7;"low"
6.8;0.19;0.34;1.9;0.04;41;108;0.99;3.25;0.45;12.9;"low"
5.9;0.28;0.14;8.6;0.032;30;142;0.99542;3.28;0.44;9.5;"low"
5.9;0.28;0.14;8.6;0.032;30;142;0.99542;3.28;0.44;9.5;"low"
8;0.17;0.29;2.4;0.029;52;119;0.98944;3.03;0.33;12.9;"low"
7.1;0.38;0.42;11.8;0.041;32;193;0.99624;3.04;0.49;10;"low"
7.1;0.365;0.14;1.2;0.055;24;84;0.9941;3.15;0.43;8.9;"low"
6.8;0.18;0.3;12.8;0.062;19;171;0.99808;3;0.52;9;"high"
6.7;0.13;0.57;6.6;0.056;60;150;0.99548;2.96;0.43;9.4;"low"
6.4;0.42;0.19;9.3;0.043;28;145;0.99433;3.23;0.53;10.98;"low"
6.5;0.21;0.42;1.1;0.059;33;101;0.9927;3.12;0.38;9.7;"low"
6.7;0.13;0.32;3.7;0.017;32;99;0.99348;3.12;0.44;10;"low"
6.8;0.17;0.34;2;0.04;38;111;0.99;3.24;0.45;12.9;"low"
6.6;0.26;0.25;11.6;0.045;45;178;0.99691;3.33;0.43;9.8;"low"
6.4;0.475;0.06;1;0.03;9;131;0.9904;2.97;0.29;10.8;"low"
7.2;0.25;0.28;14.4;0.055;55;205;0.9986;3.12;0.38;9;"high"
6;0.28;0.24;17.8;0.047;42;111;0.99896;3.1;0.45;8.9;"low"
6.8;0.28;0.37;7;0.057;35;208;0.9973;3.57;0.55;10.2;"low"
5.3;0.165;0.24;1.1;0.051;25;105;0.9925;3.32;0.47;9.1;"low"
7.1;0.18;0.49;1.3;0.033;12;72;0.99072;3.05;0.53;11.3;"high"
7.6;0.2;0.34;1.8;0.041;42;148;0.99335;3.35;0.66;11.1;"low"
6.8;0.27;0.3;13;0.047;69;160;0.99705;3.16;0.5;9.6;"low"
7;0.23;0.42;18.05;0.05;35;144;0.9999;3.22;0.42;8.8;"low"
7.6;0.29;0.26;6.5;0.042;32;160;0.9944;3.14;0.47;10.7;"low"
7.5;0.29;0.67;8.1;0.037;53;166;0.9966;2.9;0.41;8.9;"low"
6.4;0.37;0.19;3.5;0.068;18;101;0.9934;3.03;0.38;9;"low"
7.3;0.18;0.31;17.3;0.055;32;197;1.0002;3.13;0.46;9;"low"
5.8;0.31;0.32;4.5;0.024;28;94;0.98906;3.25;0.52;13.7;"high"
6.4;0.26;0.26;1.1;0.052;22;176;0.99304;3.09;0.54;9.3;"low"
6;0.28;0.27;15.5;0.036;31;134;0.99408;3.19;0.44;13;"high"
6.8;0.3;0.29;6.2;0.025;29;95;0.99071;3.03;0.32;12.9;"high"
6.6;0.21;0.31;11.4;0.039;46;165;0.99795;3.41;0.44;9.8;"high"
7.3;0.25;0.36;13.1;0.05;35;200;0.9986;3.04;0.46;8.9;"high"
6.2;0.28;0.43;13;0.039;64;233;0.99745;3.08;0.38;8.9;"low"
5.8;0.32;0.31;2.7;0.049;25;153;0.99067;3.44;0.73;12.2;"high"
8.5;0.21;0.26;9.25;0.034;73;142;0.9945;3.05;0.37;11.4;"low"
6.8;0.15;0.41;12.9;0.044;79.5;183;0.99742;3.24;0.78;10.2;"low"
7;0.13;0.37;12.85;0.042;36;105;0.99581;3.05;0.55;10.7;"low"
6.4;0.26;0.24;6.4;0.04;27;124;0.9903;3.22;0.49;12.6;"high"
6.6;0.4;0.46;6.2;0.056;42;241;0.9968;3.5;0.6;9.9;"low"
7.3;0.17;0.36;8.2;0.028;44;111;0.99272;3.14;0.41;12.4;"low"
6.6;0.37;0.07;1.4;0.048;58;144;0.9922;3.17;0.38;10;"low"
5.5;0.14;0.27;4.6;0.029;22;104;0.9949;3.34;0.44;9;"low"
7.6;0.27;0.34;5;0.04;18;56;0.99084;3.06;0.48;12.4;"low"
8.7;0.23;0.32;13.4;0.044;35;169;0.99975;3.12;0.47;8.8;"high"
7.3;0.25;0.26;7.2;0.048;52;207;0.99587;3.12;0.37;9.2;"low"
6.8;0.27;0.42;7.3;0.054;58;200;0.99556;3.12;0.49;9.4;"low"
5.5;0.16;0.31;1.2;0.026;31;68;0.9898;3.33;0.44;11.65;"low"
7.2;0.23;0.32;8.5;0.058;47;186;0.9956;3.19;0.4;9.9;"low"
5.7;0.4;0.35;5.1;0.026;17;113;0.99052;3.18;0.67;12.4;"low"
6.7;0.27;0.69;1.2;0.176;36;106;0.99288;2.96;0.43;9.2;"low"
8.1;0.46;0.31;1.7;0.052;50;183;0.9923;3.03;0.42;11.2;"low"
6.6;0.28;0.36;1.7;0.038;22;101;0.9912;3.29;0.57;11.6;"low"
7.7;0.25;0.3;7.8;0.038;67;196;0.99555;3.1;0.5;10.1;"low"
6.1;0.19;0.25;4;0.023;23;112;0.9923;3.37;0.51;11.6;"low"
6.9;0.27;0.41;1.7;0.047;6;134;0.9929;3.15;0.69;11.4;"low"
5.6;0.35;0.4;6.3;0.022;23;174;0.9922;3.54;0.5;11.6;"high"
7.1;0.12;0.32;9.6;0.054;64;162;0.9962;3.4;0.41;9.4;"low"
7.5;0.24;0.29;1.1;0.046;34;84;0.9902;3.04;0.39;11.45;"low"
5.8;0.27;0.22;12.7;0.058;42;206;0.9946;3.32;0.38;12.3;"low"
7.1;0.26;0.49;2.2;0.032;31;113;0.9903;3.37;0.42;12.9;"high"
6.1;0.22;0.25;12.1;0.035;54;135;0.99481;3.21;0.4;10.7;"low"
6.9;0.26;0.33;12.6;0.051;59;173;0.998;3.39;0.38;9.9;"low"
5.3;0.43;0.11;1.1;0.029;6;51;0.99076;3.51;0.48;11.2;"low"
7.6;0.54;0.23;2;0.029;13;151;0.9931;3.04;0.33;10.4;"low"
7.1;0.2;0.31;7.4;0.053;32;211;0.99587;3.31;0.59;10.4;"low"
6.4;0.24;0.23;2;0.046;30;133;0.9908;3.12;0.54;11.4;"high"
6.8;0.27;0.32;1.5;0.044;19;142;0.9921;3.1;0.43;9.9;"low"
6.7;0.25;0.26;1.55;0.041;118.5;216;0.9949;3.55;0.63;9.4;"low"
6.5;0.28;0.35;15.4;0.042;55;195;0.9978;3.23;0.5;9.6;"low"
7.4;0.21;0.3;8.1;0.047;13;114;0.9941;3.12;0.35;10.5;"low"
8;0.27;0.33;1.2;0.05;41;103;0.99002;3;0.45;12.4;"low"
7.4;0.2;0.28;9.1;0.047;29;95;0.99532;3.16;0.47;9.8;"high"
6.4;0.31;0.31;12.9;0.045;55;161;0.99546;3.02;0.59;10.2;"low"
5.7;0.22;0.2;16;0.044;41;113;0.99862;3.22;0.46;8.9;"low"
6.8;0.28;0.35;2.3;0.042;16;85;0.9906;3.19;0.56;12.4;"low"
7.2;0.27;0.28;15.2;0.046;6;41;0.99665;3.17;0.39;10.9;"low"
6.7;0.15;0.32;7.9;0.034;17;81;0.99512;3.29;0.31;10;"low"
6.4;0.23;0.35;10.3;0.042;54;140;0.9967;3.23;0.47;9.2;"low"
7;0.15;0.28;14.7;0.051;29;149;0.99792;2.96;0.39;9;"high"
6.2;0.19;0.29;4.3;0.045;33;126;0.99658;3.18;0.42;9.3;"low"
6.5;0.28;0.26;8.8;0.04;44;139;0.9956;3.32;0.37;10.2;"low"
6.8;0.34;0.1;1.4;0.049;29;118;0.9936;3.21;0.41;9.5;"low"
6.4;0.31;0.27;7.4;0.049;48;169;0.99323;3.27;0.45;11.1;"low"
7.9;0.21;0.39;2;0.057;21;138;0.99176;3.05;0.52;10.9;"low"
5.8;0.29;0.15;1.1;0.029;12;83;0.9898;3.3;0.4;11.4;"low"
7.8;0.27;0.34;1.6;0.046;27;154;0.9927;3.05;0.45;10.5;"low"
6;0.28;0.25;1.8;0.042;8;108;0.9929;3.08;0.55;9;"low"
7.7;0.43;0.37;10;0.169;22;210;0.99776;3.02;0.64;9.5;"low"
6.5;0.22;0.25;17.1;0.05;44;138;1.0001;3.3;0.37;8.8;"low"
6.5;0.32;0.23;8.5;0.051;20;138;0.9943;3.03;0.42;10.7;"low"
6.7;0.45;0.3;5.3;0.036;27;165;0.99122;3.12;0.46;12.2;"low"
5.9;0.17;0.28;0.7;0.027;5;28;0.98985;3.13;0.32;10.6;"low"
5.5;0.17;0.23;2.9;0.039;10;108;0.99243;3.28;0.5;10;"low"
6.7;0.26;0.3;1.8;0.043;25;121;0.9944;3.44;0.61;10.2;"low"
6.6;0.33;0.24;16.05;0.045;31;147;0.99822;3.08;0.52;9.2;"low"
6;0.26;0.32;3.5;0.028;29;113;0.9912;3.4;0.71;12.3;"high"
6.6;0.23;0.3;14.9;0.051;33;118;0.99835;3.04;0.54;9;"low"
6;0.26;0.29;3.1;0.041;37;144;0.98944;3.22;0.39;12.8;"high"
7.5;0.28;0.34;4.2;0.028;36;116;0.991;2.99;0.41;12.3;"high"
6.6;0.17;0.35;2.6;0.03;33;78;0.99146;3.22;0.72;11.3;"low"
7.7;0.38;0.4;2;0.038;28;152;0.9906;3.18;0.32;12.9;"low"
6.5;0.19;0.28;1.4;0.046;22;90;0.99038;3.18;0.51;11.7;"high"
6.7;0.24;0.36;8.4;0.042;42;123;0.99473;3.34;0.52;10.9;"low"
7.3;0.19;0.68;1.5;0.05;31;156;0.9946;3.32;0.64;9.4;"low"
6;0.3;0.33;2.1;0.042;31;127;0.98964;3.32;0.42;12.5;"low"
6.1;0.33;0.32;7.8;0.052;52;183;0.99657;3.39;0.65;9.5;"low"
6.7;0.34;0.31;16.4;0.051;20;146;0.99834;3.06;0.54;9.1;"low"
6.9;0.28;0.41;1.4;0.016;6;55;0.98876;3.16;0.4;13.4;"low"
6.1;0.19;0.37;2.6;0.041;24;99;0.99153;3.18;0.5;10.9;"low"
6.1;0.38;0.47;1.4;0.051;59;210;0.99309;3.24;0.5;9.6;"low"
6.2;0.255;0.27;1.3;0.037;30;86;0.98834;3.05;0.59;12.9;"high"
7.1;0.2;0.27;9.6;0.037;19;105;0.99444;3.04;0.37;10.5;"high"
6.9;0.4;0.17;12.9;0.033;59;186;0.99754;3.08;0.49;9.4;"low"
7.7;0.24;0.27;1.8;0.051;52;190;0.9928;3.23;0.5;10.8;"low"
6.3;0.24;0.22;11.9;0.05;65;179;0.99659;3.06;0.58;9.3;"low"
7.8;0.39;0.26;9.9;0.059;33;181;0.9955;3.04;0.42;10.9;"low"
5.8;0.17;0.34;1.8;0.045;96;170;0.99035;3.38;0.9;11.8;"high"
6.3;0.35;0.3;5.7;0.035;8;97;0.9927;3.27;0.41;11;"high"
8.3;0.28;0.27;17.5;0.045;48;253;1.00014;3.02;0.56;9.1;"low"
7.4;0.29;0.29;1.6;0.045;53;180;0.9936;3.34;0.68;10.5;"low"
6;0.25;0.4;5.7;0.052;56;152;0.99398;3.16;0.88;10.5;"low"
6.9;0.18;0.38;8.1;0.049;44;176;0.9958;3.3;0.54;9.8;"low"
7.2;0.21;0.37;1.6;0.049;23;94;0.9924;3.16;0.48;10.9;"high"
6.3;0.23;0.33;6.9;0.052;23;118;0.9938;3.23;0.46;10.4;"low"
6.3;0.33;0.27;1.2;0.046;34;175;0.9934;3.37;0.54;9.4;"low"
6.3;0.27;0.23;2.9;0.047;13;100;0.9936;3.28;0.43;9.8;"low"
5.9;0.23;0.3;12.9;0.054;57;170;0.9972;3.28;0.39;9.4;"low"
7.2;0.19;0.39;1.2;0.036;32;85;0.9918;3.16;0.5;10.5;"low"
6.8;0.34;0.44;6.6;0.052;28;156;0.9955;3.14;0.41;9.6;"low"
6.7;0.21;0.48;14.8;0.05;31;195;0.99942;2.95;0.75;8.8;"low"
7.6;0.19;0.38;10.6;0.06;48;174;0.9962;3.13;0.38;10.5;"low"
7.4;0.18;0.34;2.7;0.03;30;107;0.992;2.97;0.53;11;"low"
7.1;0.2;0.37;1.5;0.049;28;129;0.99226;3.15;0.52;10.8;"low"
5.9;0.15;0.31;5.8;0.041;53;155;0.9945;3.52;0.46;10.5;"low"
7;0.16;0.25;14.3;0.044;27;149;0.998;2.91;0.46;9.2;"low"
9.8;0.36;0.45;1.6;0.042;11;124;0.9944;2.93;0.46;10.8;"low"
5.8;0.29;0.05;0.8;0.038;11;30;0.9924;3.36;0.35;9.2;"low"
6.3;0.2;0.26;1.6;0.027;36;141;0.99268;3.53;0.56;10.8;"low"
6.4;0.17;0.32;2.4;0.048;41;200;0.9938;3.5;0.5;9.7;"low"
5.9;0.21;0.28;4.6;0.053;40;199;0.9964;3.72;0.7;10;"low"
7.3;0.32;0.34;6.6;0.032;24;112;0.99505;3.22;0.46;9.8;"low"
6.5;0.36;0.31;13.55;0.053;20;113;0.99544;3.2;0.56;11;"low"
6.5;0.16;0.34;1.4;0.029;29;133;0.99108;3.33;0.64;11.5;"high"
6.3;0.27;0.51;7.6;0.049;35;200;0.99548;3.16;0.54;9.4;"low"
6.9;0.22;0.39;6;0.035;44;141;0.99123;3.11;0.33;12.5;"low"
6.9;0.19;0.38;1.15;0.023;30;105;0.99047;3.11;0.38;11.4;"low"
6.6;0.19;0.35;1.5;0.037;37;107;0.99006;3.18;0.68;12;"high"
5.1;0.3;0.3;2.3;0.048;40;150;0.98944;3.29;0.46;12.2;"low"
6.6;0.26;0.24;7.2;0.038;28;137;0.9952;3.35;0.6;10.4;"low"
5;0.33;0.16;1.5;0.049;10;97;0.9917;3.48;0.44;10.7;"low"
7.5;0.33;0.39;12.4;0.065;29;119;0.9974;3.16;0.39;9.4;"low"
8.3;0.16;0.37;7.9;0.025;38;107;0.99306;2.93;0.37;11.9;"low"
6.9;0.26;0.31;7;0.039;37;175;0.99376;3.32;0.49;11.4;"low"
5.8;0.28;0.3;3.9;0.026;36;105;0.98963;3.26;0.58;12.75;"low"
6.6;0.18;0.28;1.7;0.041;53;161;0.99207;3.13;0.45;10.2;"low"
7;0.23;0.35;1.4;0.036;31;113;0.9912;3.16;0.48;10.8;"high"
7.7;0.27;0.61;12;0.046;64;179;0.9982;3.07;0.46;8.9;"low"
8.8;0.28;0.45;6;0.022;14;49;0.9934;3.01;0.33;11.1;"high"
6.3;0.39;0.22;2.8;0.048;53;173;0.99304;3.24;0.45;9.8;"low"
8.1;0.24;0.33;10.2;0.048;46;141;0.9972;3.16;0.48;10.3;"low"
7.5;0.27;0.36;7;0.036;45;164;0.9939;3.03;0.33;11;"low"
5.8;0.15;0.32;1.2;0.037;14;119;0.99137;3.19;0.5;10.2;"low"
5.9;0.26;0.3;1;0.036;38;114;0.9928;3.58;0.48;9.4;"low"
6.5;0.15;0.55;5.9;0.045;75;162;0.99482;2.97;0.4;9.3;"low"
9.8;0.93;0.45;8.6;0.052;34;187;0.9994;3.12;0.59;10.2;"low"
7.5;0.23;0.49;7.7;0.049;61;209;0.9941;3.14;0.3;11.1;"high"
6.5;0.48;0.02;0.9;0.043;32;99;0.99226;3.14;0.47;9.8;"low"
6.6;0.19;0.33;1.8;0.035;42;148;0.99196;3.15;0.36;10.2;"low"
7.1;0.25;0.3;2.4;0.042;25;122;0.994;3.43;0.61;10.5;"low"
7.2;0.33;0.28;1.4;0.034;26;109;0.99246;3.28;0.57;10.6;"low"
6.2;0.28;0.41;5;0.043;50;188;0.99318;3.23;0.64;10.8;"low"
4.8;0.26;0.23;10.6;0.034;23;111;0.99274;3.46;0.28;11.5;"high"
7.1;0.36;0.37;4.8;0.019;39;114;0.99036;3.08;0.49;12.7;"high"
7.8;0.15;0.24;7.7;0.047;21;98;0.9951;2.94;0.31;9.6;"low"
7.8;0.21;0.27;1.2;0.051;20;89;0.9936;3.06;0.46;9.1;"low"
6.6;0.16;0.4;1.5;0.044;48;143;0.9912;3.54;0.52;12.4;"high"
5.8;0.36;0.5;1;0.127;63;178;0.99212;3.1;0.45;9.7;"low"
5.9;0.24;0.26;12.3;0.053;34;134;0.9972;3.34;0.45;9.5;"low"
7;0.12;0.19;4.9;0.055;27;127;0.9953;3.29;0.41;9.4;"low"
5.9;0.26;0.27;18.2;0.048;52;168;0.9993;3.35;0.44;9.4;"low"
5.4;0.29;0.38;1.2;0.029;31;132;0.98895;3.28;0.36;12.4;"low"
8.5;0.23;0.34;1.3;0.035;54;110;0.99176;3.07;0.55;11;"high"
5.8;0.36;0.32;1.7;0.033;22;96;0.9898;3.03;0.38;11.2;"low"
5.1;0.33;0.27;6.7;0.022;44;129;0.99221;3.36;0.39;11;"high"
6.9;0.28;0.22;10;0.052;36;131;0.99696;3.08;0.46;9.6;"low"
7.6;0.48;0.31;9.4;0.046;6;194;0.99714;3.07;0.61;9.4;"low"
7.1;0.13;0.38;1.8;0.046;14;114;0.9925;3.32;0.9;11.7;"low"
5.6;0.26;0.27;10.6;0.03;27;119;0.9947;3.4;0.34;10.7;"high"
7.6;0.19;0.37;13.1;0.033;52;151;0.99726;3.18;0.79;10.4;"low"
6.2;0.32;0.24;4.1;0.051;34;149;0.99306;3.36;0.52;11;"low"
8.4;0.22;0.28;18.8;0.028;55;130;0.998;2.96;0.35;11.6;"low"
8.8;0.36;0.44;1.9;0.04;9;121;0.9953;3.19;0.48;9.9;"low"
6.4;0.17;0.3;2.8;0.034;33;125;0.99152;3.03;0.49;10.4;"low"
6.4;0.28;0.28;3;0.04;19;98;0.99216;3.25;0.47;11.1;"low"
7.6;0.4;0.27;5.2;0.03;32;101;0.99172;3.22;0.62;12.3;"high"
5.6;0.185;0.49;1.1;0.03;28;117;0.9918;3.55;0.45;10.3;"low"
6.7;0.23;0.39;2.5;0.172;63;158;0.9937;3.11;0.36;9.4;"low"
6.1;0.34;0.31;12;0.053;46;238;0.9977;3.16;0.48;8.6;"low"
6.7;0.24;0.46;2.2;0.033;19;111;0.99045;3.1;0.62;11.9;"low"
6;0.17;0.33;6;0.036;30;111;0.99362;3.32;0.58;10.1333333333333;"high"
5.9;0.26;0.25;12.5;0.034;38;152;0.9977;3.33;0.43;9.4;"low"
6.6;0.19;0.28;11.8;0.042;54;137;0.99492;3.18;0.37;10.8;"low"
6.9;0.24;0.23;7.1;0.041;20;97;0.99246;3.1;0.85;11.4;"low"
6;0.31;0.24;3.3;0.041;25;143;0.9914;3.31;0.44;11.3;"low"
8.2;0.52;0.34;1.2;0.042;18;167;0.99366;3.24;0.39;10.6;"low"
6.5;0.28;0.35;9.8;0.067;61;180;0.9972;3.15;0.57;9;"low"
6.9;0.23;0.34;4;0.047;24;128;0.9944;3.2;0.52;9.7;"low"
6.3;0.2;0.26;12.7;0.046;60;143;0.99526;3.26;0.35;10.8;"low"
7.4;0.3;0.32;1.7;0.03;23;128;0.9929;3.17;0.66;10.9;"low"
6.6;0.25;0.34;3;0.054;22;141;0.99338;3.26;0.47;10.4;"low"
6.4;0.22;0.56;14.5;0.055;27;159;0.998;2.98;0.4;9.1;"low"
7.1;0.44;0.37;2.7;0.041;35;128;0.9896;3.07;0.43;13.5;"high"
7.3;0.25;0.27;3.8;0.047;16;79;0.99173;3.07;0.46;11.3;"low"
6.6;0.28;0.28;8.5;0.052;55;211;0.9962;3.09;0.55;8.9;"low"
7.8;0.49;0.49;7;0.043;29;149;0.9952;3.21;0.33;10;"low"
6.4;0.22;0.32;7.2;0.028;15;83;0.993;3.13;0.55;10.9;"high"
7.5;0.38;0.33;5;0.045;30;131;0.9942;3.32;0.44;10.9;"low"
5.8;0.28;0.66;9.1;0.039;26;159;0.9965;3.66;0.55;10.8;"low"
6.8;0.18;0.32;7.2;0.047;17;109;0.99498;3.42;0.44;10.4;"low"
6.1;0.36;0.26;8.15;0.035;14;88;0.99031;3.06;0.27;13;"high"
6.6;0.425;0.25;2.35;0.034;23;87;0.99082;3.05;0.41;11.4;"low"
7.1;0.31;0.17;1;0.042;21;144;0.99304;3.13;0.4;9.6;"low"
7.2;0.46;0.65;10.4;0.05;76;192;0.9976;3.16;0.42;8.7;"low"
8.2;0.37;0.36;1;0.034;17;93;0.9906;3.04;0.32;11.7;"high"
7.2;0.31;0.41;8.6;0.053;15;89;0.9976;3.29;0.64;9.9;"low"
7.6;0.29;0.29;4.4;0.051;26;146;0.9939;3.16;0.39;10.2;"low"
6.3;0.495;0.22;1.8;0.046;31;140;0.9929;3.39;0.54;10.4;"low"
6.7;0.31;0.31;4.9;0.031;20;151;0.9926;3.36;0.82;12;"high"
6.9;0.32;0.13;7.8;0.042;11;117;0.996;3.23;0.37;9.2;"low"
6.4;0.27;0.45;8.3;0.05;52;196;0.9955;3.18;0.48;9.5;"low"
5.7;0.25;0.26;12.5;0.049;52.5;120;0.99691;3.08;0.45;9.4;"low"
6.1;0.33;0.3;3;0.036;30;124;0.98922;3.31;0.4;13.1;"high"
7;0.44;0.24;12.1;0.056;68;210;0.99718;3.05;0.5;9.5;"low"
7.1;0.44;0.37;2.7;0.041;35;128;0.9896;3.07;0.43;13.5;"high"
6.6;0.22;0.37;1.2;0.059;45;199;0.993;3.37;0.55;10.3;"high"
6.3;0.27;0.37;7.9;0.047;58;215;0.99542;3.19;0.48;9.5;"low"
7.3;0.2;0.44;1.4;0.045;21;98;0.9924;3.15;0.46;10;"high"
6.2;0.23;0.23;1.2;0.018;18;128;0.99178;3.05;0.28;10.6;"low"
6.9;0.25;0.35;9.2;0.034;42;150;0.9947;3.21;0.36;11.5;"low"
5;0.3;0.33;3.7;0.03;54;173;0.9887;3.36;0.3;13;"high"
6.9;0.25;0.24;3.6;0.057;13;85;0.9942;2.99;0.48;9.5;"low"
6.7;0.2;0.42;14;0.038;83;160;0.9987;3.16;0.5;9.4;"low"
5.2;0.365;0.08;13.5;0.041;37;142;0.997;3.46;0.39;9.9;"low"
7;0.23;0.26;7.2;0.041;21;90;0.99509;3.22;0.55;9.5;"low"
5.1;0.35;0.26;6.8;0.034;36;120;0.99188;3.38;0.4;11.5;"low"
6.9;0.19;0.35;1.7;0.036;33;101;0.99315;3.21;0.54;10.8;"high"
6.8;0.26;0.44;8.2;0.046;52;183;0.99584;3.2;0.51;9.4;"low"
7.8;0.18;0.46;13.6;0.052;38;118;0.998;3.15;0.5;10;"low"
5.9;0.22;0.3;1.3;0.052;42;86;0.99069;3.31;0.47;11.55;"low"
6;0.67;0.07;1.2;0.06;9;108;0.9931;3.11;0.35;8.7;"low"
7.1;0.25;0.32;10.3;0.041;66;272;0.9969;3.17;0.52;9.1;"low"
7.2;0.39;0.62;11;0.047;66;178;0.9976;3.16;0.5;8.7;"low"
7.2;0.17;0.37;6.9;0.059;47;128;0.99322;3.08;0.46;11;"high"
5.3;0.33;0.3;1.2;0.048;25;119;0.99045;3.32;0.62;11.3;"low"
6.4;0.43;0.32;1.4;0.048;10;67;0.992;3.08;0.41;11.4;"low"
6.7;0.18;0.37;1.3;0.027;42;125;0.98939;3.24;0.37;12.8;"high"
6.6;0.39;0.28;9.2;0.036;10;92;0.99206;3.07;0.35;12.1;"low"
7.6;0.15;0.4;1.3;0.036;24;112;0.9932;3.14;0.76;10;"low"
6.9;0.13;0.28;13.3;0.05;47;132;0.99655;3.34;0.42;10.1;"low"
6.9;0.32;0.13;7.8;0.042;11;117;0.996;3.23;0.37;9.2;"low"
6.3;0.41;0.3;3.2;0.03;49;164;0.9927;3.53;0.79;11.7;"high"
6.6;0.34;0.4;8.1;0.046;68;170;0.99494;3.15;0.5;9.53333333333333;"low"
6.3;0.39;0.24;6.9;0.069;9;117;0.9942;3.15;0.35;10.2;"low"
7.9;0.18;0.33;1.2;0.033;20;72;0.9922;3.12;0.38;10.5;"high"
6.7;0.27;0.3;13.9;0.029;34;131;0.9953;3.36;0.5;12;"high"
6.3;0.28;0.3;3.1;0.039;24;115;0.9942;3.05;0.43;8.6;"low"
8.1;0.19;0.58;16.65;0.049;48;181;1.0006;3.2;0.62;9.1;"low"
6.8;0.26;0.24;7.8;0.052;54;214;0.9961;3.13;0.47;8.9;"low"
6.5;0.29;0.52;1.7;0.034;41;193;0.99223;3.25;0.59;10.4;"low"
7;0.26;0.34;10.9;0.038;25;84;0.99432;3.11;0.34;10.9;"low"
6.5;0.43;0.28;12;0.056;23;174;0.9986;3.31;0.55;9.3;"low"
6.3;0.15;0.34;11.4;0.05;25;96;0.99754;3.21;0.49;10;"low"
6.1;0.21;0.38;1.5;0.039;37;122;0.98972;3.2;0.43;12;"low"
7.2;0.4;0.62;10.8;0.041;70;189;0.9976;3.08;0.49;8.6;"low"
6.4;0.27;0.29;3.9;0.034;62;140;0.99237;3.1;0.59;11.1;"low"
6.5;0.18;0.34;1.6;0.04;43;148;0.9912;3.32;0.59;11.5;"high"
6.9;0.615;0.42;12;0.067;24;131;0.99727;3.19;0.34;9.3;"low"
7.1;0.33;0.18;6.3;0.094;27;166;0.99474;2.9;0.49;9.5;"low"
9.2;0.34;0.54;17.3;0.06;46;235;1.00182;3.08;0.61;8.8;"low"
7;0.15;0.28;14.7;0.051;29;149;0.99792;2.96;0.39;9;"high"
6;0.28;0.52;6.2;0.028;37;104;0.99161;3.28;0.51;11.8;"high"
7.2;0.24;0.36;2;0.029;21;63;0.99076;3.13;0.63;12.5;"low"
6.3;0.2;0.4;1.5;0.037;35;107;0.9917;3.46;0.5;11.4;"low"
9.4;0.3;0.32;10.7;0.029;14;111;0.9958;2.85;0.42;10.6;"low"
7.4;0.18;0.3;8.8;0.064;26;103;0.9961;2.94;0.56;9.3;"low"
6.4;0.44;0.26;2;0.054;20;180;0.9952;3.58;0.57;10;"low"
6.6;0.22;0.29;14.4;0.046;39;118;0.99834;3.05;0.5;9.1;"low"
7.2;0.2;0.61;16.2;0.043;14;103;0.9987;3.06;0.36;9.2;"low"
6.8;0.28;0.17;13.9;0.047;49;162;0.9983;3.21;0.51;9;"low"
6.4;0.26;0.42;9.7;0.044;30;140;0.9962;3.18;0.47;9.1;"low"
7.9;0.19;0.26;2.1;0.039;8;143;0.9942;3.05;0.74;9.8;"low"
7.4;0.21;0.3;7.9;0.039;14;118;0.9942;2.96;0.34;10.4;"low"
7.9;0.22;0.45;14.2;0.038;53;141;0.9992;3.03;0.46;9.2;"low"
8.9;0.13;0.49;1;0.028;6;24;0.9926;2.91;0.32;9.9;"low"
6;0.17;0.29;9.7;0.044;33;98;0.99536;3.12;0.36;9.2;"low"
6.2;0.31;0.23;3.3;0.052;34;113;0.99429;3.16;0.48;8.4;"low"
6.6;0.33;0.32;15.6;0.054;62;227;0.99734;3.25;0.56;10.4;"low"
6.4;0.31;0.38;2.9;0.038;19;102;0.9912;3.17;0.35;11;"high"
6.5;0.29;0.25;2.5;0.142;8;111;0.9927;3;0.44;9.9;"low"
5.7;0.32;0.5;2.6;0.049;17;155;0.9927;3.22;0.64;10;"low"
5.7;0.22;0.2;16;0.044;41;113;0.99862;3.22;0.46;8.9;"low"
5.7;0.31;0.28;4.1;0.03;22;86;0.99062;3.31;0.38;11.7;"high"
7.8;0.23;0.28;4.75;0.042;45;166;0.9928;2.96;0.4;11.5;"low"
6.8;0.18;0.38;1.4;0.038;35;111;0.9918;3.32;0.59;11.2;"high"
6.9;0.44;0.27;5;0.038;33;166;0.99124;3.2;0.42;12.2;"low"
7.2;0.31;0.5;13.3;0.056;68;195;0.9982;3.01;0.47;9.2;"low"
7;0.25;0.32;9;0.046;56;245;0.9955;3.25;0.5;10.4;"low"
6.3;0.3;0.2;3.7;0.039;34;132;0.99158;3;0.38;10.7;"low"
6.2;0.3;0.26;13.4;0.046;57;206;0.99775;3.17;0.43;9.5;"low"
7.4;0.155;0.34;2.3;0.045;73.5;214;0.9934;3.18;0.61;9.9;"high"
6.1;0.68;0.52;1.4;0.037;32;123;0.99022;3.24;0.45;12;"low"
7.2;0.24;0.27;11.4;0.034;40;174;0.99773;3.2;0.44;9;"low"
8.2;0.37;0.36;1;0.034;17;93;0.9906;3.04;0.32;11.7;"high"
7.2;0.2;0.28;1.6;0.028;13;168;0.99203;3.17;1.06;11.5;"low"
7.3;0.51;0.26;3.3;0.09;7;135;0.9944;3.01;0.52;8.8;"low"
6.8;0.27;0.22;8.1;0.034;55;203;0.9961;3.19;0.52;8.9;"low"
6.4;0.24;0.26;8.2;0.054;47;182;0.99538;3.12;0.5;9.5;"low"
7.8;0.25;0.41;3.7;0.042;37;149;0.9954;3.36;0.45;10;"low"
6.3;0.2;0.4;1.5;0.037;35;107;0.9917;3.46;0.5;11.4;"low"
6;0.16;0.36;1.6;0.042;13;61;0.99143;3.22;0.54;10.8;"low"
5.5;0.32;0.13;1.3;0.037;45;156;0.99184;3.26;0.38;10.7;"low"
6.5;0.41;0.22;4.8;0.052;49;142;0.9946;3.14;0.62;9.2;"low"
6.9;0.41;0.33;10.1;0.043;28;152;0.9968;3.2;0.52;9.4;"low"
5.5;0.315;0.38;2.6;0.033;10;69;0.9909;3.12;0.59;10.8;"low"
6;0.26;0.5;2.2;0.048;59;153;0.9928;3.08;0.61;9.8;"low"
6.2;0.45;0.73;7.2;0.099;47;202;0.99582;3.21;0.43;9.2;"low"
5.7;0.41;0.21;1.9;0.048;30;112;0.99138;3.29;0.55;11.2;"low"
7.5;0.29;0.26;14.95;0.067;47;178;0.99838;3.04;0.49;9.2;"low"
6.3;0.39;0.35;5.9;0.04;82.5;260;0.9941;3.12;0.66;10.1;"low"
7.9;0.28;0.49;7.7;0.045;48;195;0.9954;3.04;0.55;11;"low"
5.8;0.555;0.26;4.5;0.053;17;126;0.9943;3.24;0.46;9.1;"low"
8;0.27;0.57;10.4;0.053;18;134;0.99732;3.12;0.68;9;"low"
8.6;0.34;0.36;1.4;0.045;11;119;0.99556;3.17;0.47;9.4;"low"
6.4;0.28;0.19;5.4;0.042;67;181;0.99435;3.31;0.35;10.2;"low"
6.5;0.2;0.5;18.1;0.054;50;221;0.99941;2.94;0.64;8.8;"low"
7.4;0.31;0.26;8.6;0.048;47;206;0.9964;3.26;0.36;9.1;"low"
7.4;0.33;0.26;15.6;0.049;67;210;0.99907;3.06;0.68;9.5;"low"
14.2;0.27;0.49;1.1;0.037;33;156;0.992;3.15;0.54;11.1;"low"
5.2;0.21;0.31;1.7;0.048;17;61;0.98953;3.24;0.37;12;"high"
7.8;0.43;0.49;13;0.033;37;158;0.9955;3.14;0.35;11.3;"low"
6.7;0.11;0.26;14.8;0.053;44;95;0.99676;3.2;0.35;9.8;"low"
6.4;0.21;0.44;7.4;0.045;47;182;0.9957;3.24;0.46;9.1;"low"
6.7;0.31;0.18;7.7;0.043;57;200;0.99566;3.17;0.44;9.4;"low"
7.6;0.4;0.27;1.2;0.053;23;193;0.99164;3.22;0.38;11.6;"low"
5.8;0.32;0.28;4.3;0.032;46;115;0.98946;3.16;0.57;13;"high"
7.1;0.24;0.41;17.8;0.046;39;145;0.9998;3.32;0.39;8.7;"low"
6.4;0.3;0.27;5;0.058;27;151;0.99198;3.22;0.49;12.2;"low"
6.5;0.32;0.34;5.7;0.044;27;91;0.99184;3.28;0.6;12;"high"
7.4;0.3;0.22;1.4;0.046;16;135;0.9928;3.08;0.77;10.4;"high"
6;0.29;0.2;12.6;0.045;45;187;0.9972;3.33;0.42;9.5;"low"
6.4;0.28;0.56;1.7;0.156;49;106;0.99354;3.1;0.37;9.2;"low"
6.6;0.5;0.26;11.3;0.029;32;110;0.99302;3.27;0.78;12.9;"high"
6.5;0.31;0.14;7.5;0.044;34;133;0.9955;3.22;0.5;9.5;"low"
8.3;0.28;0.45;7.8;0.059;32;139;0.9972;3.33;0.77;11.2;"low"
6.2;0.24;0.28;12.2;0.049;54;133;0.9952;3.19;0.37;10.7;"low"
8.5;0.17;0.49;8.8;0.048;23;108;0.9947;2.88;0.34;10.5;"low"
6.9;0.28;0.37;9.1;0.037;16;76;0.9948;3.05;0.54;11.1;"low"
5.9;0.17;0.3;1.4;0.042;25;119;0.9931;3.68;0.72;10.5;"low"
8;0.13;0.25;1.1;0.033;15;86;0.99044;2.98;0.39;11.2;"high"
6.9;0.22;0.37;15;0.053;59;178;0.9992;3.37;0.82;9.5;"high"
6.8;0.43;0.3;3.5;0.033;27;135;0.9906;3;0.37;12;"low"
6.8;0.31;0.19;3.5;0.086;30;130;0.993;2.83;0.44;9.6;"low"
9.9;0.49;0.23;2.4;0.087;19;115;0.9948;2.77;0.44;9.4;"low"
7.4;0.38;0.34;8.3;0.052;44;168;0.99627;3.11;0.52;9.2;"low"
9.2;0.71;0.23;6.2;0.042;15;93;0.9948;2.89;0.34;10.1;"low"
6.5;0.29;0.31;1.7;0.035;24;79;0.99053;3.27;0.69;11.4;"high"
7.4;0.19;0.3;1.4;0.057;33;135;0.993;3.12;0.5;9.6;"low"
10.3;0.17;0.47;1.4;0.037;5;33;0.9939;2.89;0.28;9.6;"low"
6.4;0.28;0.44;7.1;0.048;49;179;0.99528;3.15;0.48;9.2;"low"
6.8;0.11;0.27;8.6;0.044;45;104;0.99454;3.2;0.37;9.9;"low"
4.7;0.455;0.18;1.9;0.036;33;106;0.98746;3.21;0.83;14;"high"
7.4;0.26;0.43;6;0.022;22;125;0.9928;3.13;0.55;11.5;"low"
6.5;0.27;0.4;10;0.039;74;227;0.99582;3.18;0.5;9.4;"low"
7.8;0.43;0.49;13;0.033;37;158;0.9955;3.14;0.35;11.3;"low"
7;0.22;0.31;2.7;0.03;41;136;0.9898;3.16;0.37;12.7;"high"
7.4;0.29;0.25;3.8;0.044;30;114;0.992;3.11;0.4;11;"low"
6.5;0.22;0.45;8;0.053;52;196;0.9959;3.23;0.48;9.1;"low"
8.2;0.28;0.42;1.8;0.031;30;93;0.9917;3.09;0.39;11.4;"low"
7;0.24;0.25;1.7;0.042;48;189;0.992;3.25;0.42;11.4;"low"
7.4;0.22;0.26;1.2;0.035;18;97;0.99245;3.12;0.41;9.7;"low"
7.6;0.2;0.3;14.2;0.056;53;212.5;0.999;3.14;0.46;8.9;"high"
8.9;0.33;0.34;1.4;0.056;14;171;0.9946;3.13;0.47;9.7;"low"
6.1;0.21;0.19;1.4;0.046;51;131;0.99184;3.22;0.39;10.5;"low"
6.7;0.2;0.41;9.1;0.044;50;166;0.9954;3.14;0.58;9.8;"low"
6;0.17;0.49;1;0.034;26;106;0.992;3.21;0.42;9.8;"low"
7.1;0.34;0.15;1.2;0.053;61;183;0.9936;3.09;0.43;9.2;"low"
6.2;0.24;0.29;13.3;0.039;49;130;0.9952;3.33;0.46;11;"high"
9.4;0.28;0.3;1.6;0.045;36;139;0.99534;3.11;0.49;9.3;"low"
6.7;0.28;0.42;3.5;0.035;43;105;0.99021;3.18;0.38;12.2;"low"
6;0.22;0.23;5;0.045;10;122;0.99261;2.94;0.63;10;"low"
6.2;0.19;0.38;5.1;0.019;22;82;0.98961;3.05;0.36;12.5;"low"
7.1;0.36;0.37;4.8;0.019;39;114;0.99036;3.08;0.49;12.7;"high"
5.5;0.19;0.27;0.9;0.04;52;103;0.99026;3.5;0.39;11.2;"low"
7.1;0.26;0.32;14.45;0.074;29;107;0.998;2.96;0.42;9.2;"low"
6.7;0.48;0.32;1.4;0.021;22;121;0.9889;3.15;0.53;12.7;"high"
7.3;0.39;0.37;1.1;0.043;36;113;0.991;3.39;0.48;12.7;"high"
7.4;0.18;0.4;1.6;0.047;22;102;0.9937;3.28;0.44;10.7;"low"
6.6;0.36;0.52;10.1;0.05;29;140;0.99628;3.07;0.4;9.4;"low"
7.6;0.13;0.34;9.3;0.062;40;126;0.9966;3.21;0.39;9.6;"low"
8;0.28;0.42;7.1;0.045;41;169;0.9959;3.17;0.43;10.6;"low"
6.2;0.31;0.23;3.3;0.052;34;113;0.99429;3.16;0.48;8.4;"low"
6.1;0.32;0.24;1.5;0.036;38;124;0.9898;3.29;0.42;12.4;"high"
7.4;0.41;0.66;10.8;0.051;77;194;0.9976;3.05;0.46;8.7;"low"
